-- phpMyAdmin SQL Dump
-- version 5.2.1
-- https://www.phpmyadmin.net/
--
-- Host: 127.0.0.1
-- Tempo de geração: 22/10/2025 às 12:48
-- Versão do servidor: 10.4.32-MariaDB
-- Versão do PHP: 8.2.12

SET SQL_MODE = "NO_AUTO_VALUE_ON_ZERO";
START TRANSACTION;
SET time_zone = "+00:00";


/*!40101 SET @OLD_CHARACTER_SET_CLIENT=@@CHARACTER_SET_CLIENT */;
/*!40101 SET @OLD_CHARACTER_SET_RESULTS=@@CHARACTER_SET_RESULTS */;
/*!40101 SET @OLD_COLLATION_CONNECTION=@@COLLATION_CONNECTION */;
/*!40101 SET NAMES utf8mb4 */;

--
-- Banco de dados: `phpmyadmin`
--
CREATE DATABASE IF NOT EXISTS `phpmyadmin` DEFAULT CHARACTER SET utf8 COLLATE utf8_bin;
USE `phpmyadmin`;

-- --------------------------------------------------------

--
-- Estrutura para tabela `pma__bookmark`
--

CREATE TABLE `pma__bookmark` (
  `id` int(10) UNSIGNED NOT NULL,
  `dbase` varchar(255) NOT NULL DEFAULT '',
  `user` varchar(255) NOT NULL DEFAULT '',
  `label` varchar(255) CHARACTER SET utf8 COLLATE utf8_general_ci NOT NULL DEFAULT '',
  `query` text NOT NULL
) ENGINE=InnoDB DEFAULT CHARSET=utf8 COLLATE=utf8_bin COMMENT='Bookmarks';

-- --------------------------------------------------------

--
-- Estrutura para tabela `pma__central_columns`
--

CREATE TABLE `pma__central_columns` (
  `db_name` varchar(64) NOT NULL,
  `col_name` varchar(64) NOT NULL,
  `col_type` varchar(64) NOT NULL,
  `col_length` text DEFAULT NULL,
  `col_collation` varchar(64) NOT NULL,
  `col_isNull` tinyint(1) NOT NULL,
  `col_extra` varchar(255) DEFAULT '',
  `col_default` text DEFAULT NULL
) ENGINE=InnoDB DEFAULT CHARSET=utf8 COLLATE=utf8_bin COMMENT='Central list of columns';

-- --------------------------------------------------------

--
-- Estrutura para tabela `pma__column_info`
--

CREATE TABLE `pma__column_info` (
  `id` int(5) UNSIGNED NOT NULL,
  `db_name` varchar(64) NOT NULL DEFAULT '',
  `table_name` varchar(64) NOT NULL DEFAULT '',
  `column_name` varchar(64) NOT NULL DEFAULT '',
  `comment` varchar(255) CHARACTER SET utf8 COLLATE utf8_general_ci NOT NULL DEFAULT '',
  `mimetype` varchar(255) CHARACTER SET utf8 COLLATE utf8_general_ci NOT NULL DEFAULT '',
  `transformation` varchar(255) NOT NULL DEFAULT '',
  `transformation_options` varchar(255) NOT NULL DEFAULT '',
  `input_transformation` varchar(255) NOT NULL DEFAULT '',
  `input_transformation_options` varchar(255) NOT NULL DEFAULT ''
) ENGINE=InnoDB DEFAULT CHARSET=utf8 COLLATE=utf8_bin COMMENT='Column information for phpMyAdmin';

-- --------------------------------------------------------

--
-- Estrutura para tabela `pma__designer_settings`
--

CREATE TABLE `pma__designer_settings` (
  `username` varchar(64) NOT NULL,
  `settings_data` text NOT NULL
) ENGINE=InnoDB DEFAULT CHARSET=utf8 COLLATE=utf8_bin COMMENT='Settings related to Designer';

-- --------------------------------------------------------

--
-- Estrutura para tabela `pma__export_templates`
--

CREATE TABLE `pma__export_templates` (
  `id` int(5) UNSIGNED NOT NULL,
  `username` varchar(64) NOT NULL,
  `export_type` varchar(10) NOT NULL,
  `template_name` varchar(64) NOT NULL,
  `template_data` text NOT NULL
) ENGINE=InnoDB DEFAULT CHARSET=utf8 COLLATE=utf8_bin COMMENT='Saved export templates';

-- --------------------------------------------------------

--
-- Estrutura para tabela `pma__favorite`
--

CREATE TABLE `pma__favorite` (
  `username` varchar(64) NOT NULL,
  `tables` text NOT NULL
) ENGINE=InnoDB DEFAULT CHARSET=utf8 COLLATE=utf8_bin COMMENT='Favorite tables';

-- --------------------------------------------------------

--
-- Estrutura para tabela `pma__history`
--

CREATE TABLE `pma__history` (
  `id` bigint(20) UNSIGNED NOT NULL,
  `username` varchar(64) NOT NULL DEFAULT '',
  `db` varchar(64) NOT NULL DEFAULT '',
  `table` varchar(64) NOT NULL DEFAULT '',
  `timevalue` timestamp NOT NULL DEFAULT current_timestamp(),
  `sqlquery` text NOT NULL
) ENGINE=InnoDB DEFAULT CHARSET=utf8 COLLATE=utf8_bin COMMENT='SQL history for phpMyAdmin';

-- --------------------------------------------------------

--
-- Estrutura para tabela `pma__navigationhiding`
--

CREATE TABLE `pma__navigationhiding` (
  `username` varchar(64) NOT NULL,
  `item_name` varchar(64) NOT NULL,
  `item_type` varchar(64) NOT NULL,
  `db_name` varchar(64) NOT NULL,
  `table_name` varchar(64) NOT NULL
) ENGINE=InnoDB DEFAULT CHARSET=utf8 COLLATE=utf8_bin COMMENT='Hidden items of navigation tree';

-- --------------------------------------------------------

--
-- Estrutura para tabela `pma__pdf_pages`
--

CREATE TABLE `pma__pdf_pages` (
  `db_name` varchar(64) NOT NULL DEFAULT '',
  `page_nr` int(10) UNSIGNED NOT NULL,
  `page_descr` varchar(50) CHARACTER SET utf8 COLLATE utf8_general_ci NOT NULL DEFAULT ''
) ENGINE=InnoDB DEFAULT CHARSET=utf8 COLLATE=utf8_bin COMMENT='PDF relation pages for phpMyAdmin';

-- --------------------------------------------------------

--
-- Estrutura para tabela `pma__recent`
--

CREATE TABLE `pma__recent` (
  `username` varchar(64) NOT NULL,
  `tables` text NOT NULL
) ENGINE=InnoDB DEFAULT CHARSET=utf8 COLLATE=utf8_bin COMMENT='Recently accessed tables';

-- --------------------------------------------------------

--
-- Estrutura para tabela `pma__relation`
--

CREATE TABLE `pma__relation` (
  `master_db` varchar(64) NOT NULL DEFAULT '',
  `master_table` varchar(64) NOT NULL DEFAULT '',
  `master_field` varchar(64) NOT NULL DEFAULT '',
  `foreign_db` varchar(64) NOT NULL DEFAULT '',
  `foreign_table` varchar(64) NOT NULL DEFAULT '',
  `foreign_field` varchar(64) NOT NULL DEFAULT ''
) ENGINE=InnoDB DEFAULT CHARSET=utf8 COLLATE=utf8_bin COMMENT='Relation table';

-- --------------------------------------------------------

--
-- Estrutura para tabela `pma__savedsearches`
--

CREATE TABLE `pma__savedsearches` (
  `id` int(5) UNSIGNED NOT NULL,
  `username` varchar(64) NOT NULL DEFAULT '',
  `db_name` varchar(64) NOT NULL DEFAULT '',
  `search_name` varchar(64) NOT NULL DEFAULT '',
  `search_data` text NOT NULL
) ENGINE=InnoDB DEFAULT CHARSET=utf8 COLLATE=utf8_bin COMMENT='Saved searches';

-- --------------------------------------------------------

--
-- Estrutura para tabela `pma__table_coords`
--

CREATE TABLE `pma__table_coords` (
  `db_name` varchar(64) NOT NULL DEFAULT '',
  `table_name` varchar(64) NOT NULL DEFAULT '',
  `pdf_page_number` int(11) NOT NULL DEFAULT 0,
  `x` float UNSIGNED NOT NULL DEFAULT 0,
  `y` float UNSIGNED NOT NULL DEFAULT 0
) ENGINE=InnoDB DEFAULT CHARSET=utf8 COLLATE=utf8_bin COMMENT='Table coordinates for phpMyAdmin PDF output';

-- --------------------------------------------------------

--
-- Estrutura para tabela `pma__table_info`
--

CREATE TABLE `pma__table_info` (
  `db_name` varchar(64) NOT NULL DEFAULT '',
  `table_name` varchar(64) NOT NULL DEFAULT '',
  `display_field` varchar(64) NOT NULL DEFAULT ''
) ENGINE=InnoDB DEFAULT CHARSET=utf8 COLLATE=utf8_bin COMMENT='Table information for phpMyAdmin';

-- --------------------------------------------------------

--
-- Estrutura para tabela `pma__table_uiprefs`
--

CREATE TABLE `pma__table_uiprefs` (
  `username` varchar(64) NOT NULL,
  `db_name` varchar(64) NOT NULL,
  `table_name` varchar(64) NOT NULL,
  `prefs` text NOT NULL,
  `last_update` timestamp NOT NULL DEFAULT current_timestamp() ON UPDATE current_timestamp()
) ENGINE=InnoDB DEFAULT CHARSET=utf8 COLLATE=utf8_bin COMMENT='Tables'' UI preferences';

-- --------------------------------------------------------

--
-- Estrutura para tabela `pma__tracking`
--

CREATE TABLE `pma__tracking` (
  `db_name` varchar(64) NOT NULL,
  `table_name` varchar(64) NOT NULL,
  `version` int(10) UNSIGNED NOT NULL,
  `date_created` datetime NOT NULL,
  `date_updated` datetime NOT NULL,
  `schema_snapshot` text NOT NULL,
  `schema_sql` text DEFAULT NULL,
  `data_sql` longtext DEFAULT NULL,
  `tracking` set('UPDATE','REPLACE','INSERT','DELETE','TRUNCATE','CREATE DATABASE','ALTER DATABASE','DROP DATABASE','CREATE TABLE','ALTER TABLE','RENAME TABLE','DROP TABLE','CREATE INDEX','DROP INDEX','CREATE VIEW','ALTER VIEW','DROP VIEW') DEFAULT NULL,
  `tracking_active` int(1) UNSIGNED NOT NULL DEFAULT 1
) ENGINE=InnoDB DEFAULT CHARSET=utf8 COLLATE=utf8_bin COMMENT='Database changes tracking for phpMyAdmin';

-- --------------------------------------------------------

--
-- Estrutura para tabela `pma__userconfig`
--

CREATE TABLE `pma__userconfig` (
  `username` varchar(64) NOT NULL,
  `timevalue` timestamp NOT NULL DEFAULT current_timestamp() ON UPDATE current_timestamp(),
  `config_data` text NOT NULL
) ENGINE=InnoDB DEFAULT CHARSET=utf8 COLLATE=utf8_bin COMMENT='User preferences storage for phpMyAdmin';

--
-- Despejando dados para a tabela `pma__userconfig`
--

INSERT INTO `pma__userconfig` (`username`, `timevalue`, `config_data`) VALUES
('root', '2025-10-22 10:42:32', '{\"Console\\/Mode\":\"collapse\",\"lang\":\"pt_BR\"}');

-- --------------------------------------------------------

--
-- Estrutura para tabela `pma__usergroups`
--

CREATE TABLE `pma__usergroups` (
  `usergroup` varchar(64) NOT NULL,
  `tab` varchar(64) NOT NULL,
  `allowed` enum('Y','N') NOT NULL DEFAULT 'N'
) ENGINE=InnoDB DEFAULT CHARSET=utf8 COLLATE=utf8_bin COMMENT='User groups with configured menu items';

-- --------------------------------------------------------

--
-- Estrutura para tabela `pma__users`
--

CREATE TABLE `pma__users` (
  `username` varchar(64) NOT NULL,
  `usergroup` varchar(64) NOT NULL
) ENGINE=InnoDB DEFAULT CHARSET=utf8 COLLATE=utf8_bin COMMENT='Users and their assignments to user groups';

--
-- Índices para tabelas despejadas
--

--
-- Índices de tabela `pma__bookmark`
--
ALTER TABLE `pma__bookmark`
  ADD PRIMARY KEY (`id`);

--
-- Índices de tabela `pma__central_columns`
--
ALTER TABLE `pma__central_columns`
  ADD PRIMARY KEY (`db_name`,`col_name`);

--
-- Índices de tabela `pma__column_info`
--
ALTER TABLE `pma__column_info`
  ADD PRIMARY KEY (`id`),
  ADD UNIQUE KEY `db_name` (`db_name`,`table_name`,`column_name`);

--
-- Índices de tabela `pma__designer_settings`
--
ALTER TABLE `pma__designer_settings`
  ADD PRIMARY KEY (`username`);

--
-- Índices de tabela `pma__export_templates`
--
ALTER TABLE `pma__export_templates`
  ADD PRIMARY KEY (`id`),
  ADD UNIQUE KEY `u_user_type_template` (`username`,`export_type`,`template_name`);

--
-- Índices de tabela `pma__favorite`
--
ALTER TABLE `pma__favorite`
  ADD PRIMARY KEY (`username`);

--
-- Índices de tabela `pma__history`
--
ALTER TABLE `pma__history`
  ADD PRIMARY KEY (`id`),
  ADD KEY `username` (`username`,`db`,`table`,`timevalue`);

--
-- Índices de tabela `pma__navigationhiding`
--
ALTER TABLE `pma__navigationhiding`
  ADD PRIMARY KEY (`username`,`item_name`,`item_type`,`db_name`,`table_name`);

--
-- Índices de tabela `pma__pdf_pages`
--
ALTER TABLE `pma__pdf_pages`
  ADD PRIMARY KEY (`page_nr`),
  ADD KEY `db_name` (`db_name`);

--
-- Índices de tabela `pma__recent`
--
ALTER TABLE `pma__recent`
  ADD PRIMARY KEY (`username`);

--
-- Índices de tabela `pma__relation`
--
ALTER TABLE `pma__relation`
  ADD PRIMARY KEY (`master_db`,`master_table`,`master_field`),
  ADD KEY `foreign_field` (`foreign_db`,`foreign_table`);

--
-- Índices de tabela `pma__savedsearches`
--
ALTER TABLE `pma__savedsearches`
  ADD PRIMARY KEY (`id`),
  ADD UNIQUE KEY `u_savedsearches_username_dbname` (`username`,`db_name`,`search_name`);

--
-- Índices de tabela `pma__table_coords`
--
ALTER TABLE `pma__table_coords`
  ADD PRIMARY KEY (`db_name`,`table_name`,`pdf_page_number`);

--
-- Índices de tabela `pma__table_info`
--
ALTER TABLE `pma__table_info`
  ADD PRIMARY KEY (`db_name`,`table_name`);

--
-- Índices de tabela `pma__table_uiprefs`
--
ALTER TABLE `pma__table_uiprefs`
  ADD PRIMARY KEY (`username`,`db_name`,`table_name`);

--
-- Índices de tabela `pma__tracking`
--
ALTER TABLE `pma__tracking`
  ADD PRIMARY KEY (`db_name`,`table_name`,`version`);

--
-- Índices de tabela `pma__userconfig`
--
ALTER TABLE `pma__userconfig`
  ADD PRIMARY KEY (`username`);

--
-- Índices de tabela `pma__usergroups`
--
ALTER TABLE `pma__usergroups`
  ADD PRIMARY KEY (`usergroup`,`tab`,`allowed`);

--
-- Índices de tabela `pma__users`
--
ALTER TABLE `pma__users`
  ADD PRIMARY KEY (`username`,`usergroup`);

--
-- AUTO_INCREMENT para tabelas despejadas
--

--
-- AUTO_INCREMENT de tabela `pma__bookmark`
--
ALTER TABLE `pma__bookmark`
  MODIFY `id` int(10) UNSIGNED NOT NULL AUTO_INCREMENT;

--
-- AUTO_INCREMENT de tabela `pma__column_info`
--
ALTER TABLE `pma__column_info`
  MODIFY `id` int(5) UNSIGNED NOT NULL AUTO_INCREMENT;

--
-- AUTO_INCREMENT de tabela `pma__export_templates`
--
ALTER TABLE `pma__export_templates`
  MODIFY `id` int(5) UNSIGNED NOT NULL AUTO_INCREMENT;

--
-- AUTO_INCREMENT de tabela `pma__history`
--
ALTER TABLE `pma__history`
  MODIFY `id` bigint(20) UNSIGNED NOT NULL AUTO_INCREMENT;

--
-- AUTO_INCREMENT de tabela `pma__pdf_pages`
--
ALTER TABLE `pma__pdf_pages`
  MODIFY `page_nr` int(10) UNSIGNED NOT NULL AUTO_INCREMENT;

--
-- AUTO_INCREMENT de tabela `pma__savedsearches`
--
ALTER TABLE `pma__savedsearches`
  MODIFY `id` int(5) UNSIGNED NOT NULL AUTO_INCREMENT;
--
-- Banco de dados: `test`
--
CREATE DATABASE IF NOT EXISTS `test` DEFAULT CHARACTER SET latin1 COLLATE latin1_swedish_ci;
USE `test`;
--
-- Banco de dados: `viacep`
--
CREATE DATABASE IF NOT EXISTS `viacep` DEFAULT CHARACTER SET utf8mb4 COLLATE utf8mb4_general_ci;
USE `viacep`;

-- --------------------------------------------------------

--
-- Estrutura para tabela `cep`
--

CREATE TABLE `cep` (
  `id_cep` int(11) NOT NULL,
  `cep` varchar(9) NOT NULL,
  `logradouro` varchar(50) NOT NULL,
  `bairro` varchar(50) DEFAULT NULL,
  `ddd` int(2) DEFAULT NULL,
  `id_cidade` int(11) DEFAULT NULL
) ENGINE=InnoDB DEFAULT CHARSET=utf8mb4 COLLATE=utf8mb4_general_ci;

--
-- Despejando dados para a tabela `cep`
--

INSERT INTO `cep` (`id_cep`, `cep`, `logradouro`, `bairro`, `ddd`, `id_cidade`) VALUES
(1, '78000-000', 'Av. Miguel Sutil', 'Centro', 65, 121),
(2, '78001-000', 'Rua Barão de Melgaço', 'Centro', 65, 121),
(3, '78002-000', 'Rua 13 de Junho', 'Centro', 65, 121),
(4, '78003-000', 'Rua XV de Novembro', 'Centro', 65, 121),
(5, '78004-000', 'Rua Dom Aquino', 'Centro', 65, 121),
(6, '78005-000', 'Rua Senador Filinto Müller', 'Centro', 65, 121),
(7, '78006-000', 'Rua Marechal Rondon', 'Centro', 65, 121),
(8, '78007-000', 'Rua Rui Barbosa', 'Centro', 65, 121),
(9, '78008-000', 'Rua Antônio Maria Coelho', 'Centro', 65, 121),
(10, '78009-000', 'Rua 24 de Outubro', 'Centro', 65, 121),
(11, '78100-000', 'Av. Couto Magalhães', 'Centro', 65, 122),
(12, '78101-000', 'Rua Coronel Mário Machado', 'Centro', 65, 122),
(13, '78102-000', 'Rua 15 de Novembro', 'Centro', 65, 122),
(14, '78103-000', 'Rua Marechal Rondon', 'Centro', 65, 122),
(15, '78104-000', 'Rua Antônio Maria Coelho', 'Centro', 65, 122),
(16, '78105-000', 'Rua Rui Barbosa', 'Centro', 65, 122),
(17, '78106-000', 'Rua Barão de Melgaço', 'Centro', 65, 122),
(18, '78107-000', 'Rua Dom Aquino', 'Centro', 65, 122),
(19, '78108-000', 'Rua XV de Novembro', 'Centro', 65, 122),
(20, '78109-000', 'Rua 13 de Junho', 'Centro', 65, 122),
(21, '78700-000', 'Rua Dom Pedro II', 'Centro', 66, 123),
(22, '78701-000', 'Rua Marechal Rondon', 'Centro', 66, 123),
(23, '78702-000', 'Rua XV de Novembro', 'Centro', 66, 123),
(24, '78703-000', 'Rua 13 de Maio', 'Centro', 66, 123),
(25, '78704-000', 'Rua Rui Barbosa', 'Centro', 66, 123),
(26, '78705-000', 'Rua Barão de Melgaço', 'Centro', 66, 123),
(27, '78706-000', 'Rua Senador Filinto Müller', 'Centro', 66, 123),
(28, '78707-000', 'Rua Dom Aquino', 'Centro', 66, 123),
(29, '78708-000', 'Rua Antônio Maria Coelho', 'Centro', 66, 123),
(30, '78709-000', 'Rua 24 de Outubro', 'Centro', 66, 123),
(31, '78550-000', 'Av. Brasil', 'Centro', 66, 124),
(32, '78551-000', 'Rua das Figueiras', 'Centro', 66, 124),
(33, '78552-000', 'Rua dos Jacarandás', 'Centro', 66, 124),
(34, '78553-000', 'Rua das Palmeiras', 'Centro', 66, 124),
(35, '78554-000', 'Rua das Mangueiras', 'Centro', 66, 124),
(36, '78555-000', 'Rua das Flores', 'Centro', 66, 124),
(37, '78556-000', 'Rua Araucárias', 'Centro', 66, 124),
(38, '78557-000', 'Rua dos Ipês', 'Centro', 66, 124),
(39, '78558-000', 'Rua das Acácias', 'Centro', 66, 124),
(40, '78559-000', 'Rua das Orquídeas', 'Centro', 66, 124),
(41, '78300-000', 'Rua do Comércio', 'Centro', 65, 125),
(42, '78301-000', 'Rua do Rosário', 'Centro', 65, 125),
(43, '78302-000', 'Rua Marechal Rondon', 'Centro', 65, 125),
(44, '78303-000', 'Rua XV de Novembro', 'Centro', 65, 125),
(45, '78304-000', 'Rua Barão de Melgaço', 'Centro', 65, 125),
(46, '78305-000', 'Rua Rui Barbosa', 'Centro', 65, 125),
(47, '78306-000', 'Rua Dom Aquino', 'Centro', 65, 125),
(48, '78307-000', 'Rua Senador Filinto Müller', 'Centro', 65, 125),
(49, '78308-000', 'Rua Antônio Maria Coelho', 'Centro', 65, 125),
(50, '78309-000', 'Rua 13 de Junho', 'Centro', 65, 125),
(51, '74000-000', 'Av. Goiás', 'Centro', 62, 126),
(52, '74001-000', 'Rua 7 de Setembro', 'Centro', 62, 126),
(53, '74002-000', 'Rua 1º de Abril', 'Centro', 62, 126),
(54, '74003-000', 'Rua 24 de Outubro', 'Centro', 62, 126),
(55, '74004-000', 'Rua 14 de Julho', 'Centro', 62, 126),
(56, '74005-000', 'Rua 26 de Agosto', 'Centro', 62, 126),
(57, '74006-000', 'Rua 12 de Outubro', 'Centro', 62, 126),
(58, '74007-000', 'Rua 15 de Novembro', 'Centro', 62, 126),
(59, '74008-000', 'Rua 1º de Maio', 'Centro', 62, 126),
(60, '74009-000', 'Rua 28 de Setembro', 'Centro', 62, 126),
(61, '74900-000', 'Rua 1º de Janeiro', 'Centro', 62, 127),
(62, '74901-000', 'Rua 24 de Outubro', 'Centro', 62, 127),
(63, '74902-000', 'Rua 7 de Setembro', 'Centro', 62, 127),
(64, '74903-000', 'Rua Marechal Rondon', 'Centro', 62, 127),
(65, '74904-000', 'Rua Senador Canedo', 'Centro', 62, 127),
(66, '74905-000', 'Rua Goiás', 'Centro', 62, 127),
(67, '74906-000', 'Rua Brasília', 'Centro', 62, 127),
(68, '74907-000', 'Rua 15 de Novembro', 'Centro', 62, 127),
(69, '74908-000', 'Rua Dom Pedro II', 'Centro', 62, 127),
(70, '74909-000', 'Rua Antonio Carlos', 'Centro', 62, 127),
(71, '75000-000', 'Rua Goiás', 'Centro', 62, 128),
(72, '75001-000', 'Rua 7 de Setembro', 'Centro', 62, 128),
(73, '75002-000', 'Rua 15 de Novembro', 'Centro', 62, 128),
(74, '75003-000', 'Rua Dom Pedro II', 'Centro', 62, 128),
(75, '75004-000', 'Rua Marechal Rondon', 'Centro', 62, 128),
(76, '75005-000', 'Rua Senador Canedo', 'Centro', 62, 128),
(77, '75006-000', 'Rua Brasília', 'Centro', 62, 128),
(78, '75007-000', 'Rua 24 de Outubro', 'Centro', 62, 128),
(79, '75008-000', 'Rua Antônio Carlos', 'Centro', 62, 128),
(80, '75009-000', 'Rua 1º de Maio', 'Centro', 62, 128),
(81, '75900-000', 'Av. Presidente Vargas', 'Centro', 64, 129),
(82, '75901-000', 'Rua Goiás', 'Centro', 64, 129),
(83, '75902-000', 'Rua 7 de Setembro', 'Centro', 64, 129),
(84, '75903-000', 'Rua 15 de Novembro', 'Centro', 64, 129),
(85, '75904-000', 'Rua Dom Pedro II', 'Centro', 64, 129),
(86, '75905-000', 'Rua Marechal Rondon', 'Centro', 64, 129),
(87, '75906-000', 'Rua Senador Canedo', 'Centro', 64, 129),
(88, '75907-000', 'Rua Brasília', 'Centro', 64, 129),
(89, '75908-000', 'Rua Antônio Carlos', 'Centro', 64, 129),
(90, '75909-000', 'Rua 1º de Maio', 'Centro', 64, 129),
(91, '72900-000', 'Rua Goiás', 'Centro', 61, 130),
(92, '72901-000', 'Rua Brasília', 'Centro', 61, 130),
(93, '72902-000', 'Rua 7 de Setembro', 'Centro', 61, 130),
(94, '72903-000', 'Rua Marechal Rondon', 'Centro', 61, 130),
(95, '72904-000', 'Rua Dom Pedro II', 'Centro', 61, 130),
(96, '72905-000', 'Rua Senador Canedo', 'Centro', 61, 130),
(97, '72906-000', 'Rua 15 de Novembro', 'Centro', 61, 130),
(98, '72907-000', 'Rua Antônio Carlos', 'Centro', 61, 130),
(99, '72908-000', 'Rua 1º de Maio', 'Centro', 61, 130),
(100, '72909-000', 'Rua 24 de Outubro', 'Centro', 61, 130),
(101, '70000-000', 'Esplanada dos Ministérios', 'Centro', 61, 131),
(102, '70001-000', 'Rua 1', 'Asa Sul', 61, 131),
(103, '70002-000', 'Rua 2', 'Asa Sul', 61, 131),
(104, '70003-000', 'Rua 3', 'Asa Norte', 61, 131),
(105, '70004-000', 'Rua 4', 'Asa Norte', 61, 131),
(106, '70005-000', 'Rua 5', 'Asa Sul', 61, 131),
(107, '70006-000', 'Rua 6', 'Asa Sul', 61, 131),
(108, '70007-000', 'Rua 7', 'Asa Norte', 61, 131),
(109, '70008-000', 'Rua 8', 'Asa Norte', 61, 131),
(110, '70009-000', 'Rua 9', 'Asa Sul', 61, 131),
(111, '79001-000', 'Av. Afonso Pena', 'Centro', 67, 116),
(112, '79002-000', 'Rua 13 de Maio', 'Centro', 67, 116),
(113, '79003-000', 'Rua 26 de Agosto', 'Centro', 67, 116),
(114, '79004-000', 'Rua Barão do Rio Branco', 'Centro', 67, 116),
(115, '79005-000', 'Rua 7 de Setembro', 'Centro', 67, 116),
(116, '79006-000', 'Rua Rui Barbosa', 'Centro', 67, 116),
(117, '79007-000', 'Rua Marechal Rondon', 'Centro', 67, 116),
(118, '79008-000', 'Rua 14 de Julho', 'Centro', 67, 116),
(119, '79009-000', 'Rua Pedro Celestino', 'Centro', 67, 116),
(120, '79010-000', 'Rua Antônio Maria Coelho', 'Centro', 67, 116),
(121, '79800-000', 'Av. Weimar Gonçalves Torres', 'Centro', 67, 117),
(122, '79801-000', 'Rua Joaquim Teixeira Alves', 'Centro', 67, 117),
(123, '79802-000', 'Rua Senador Felinto Müller', 'Centro', 67, 117),
(124, '79803-000', 'Rua Marechal Rondon', 'Centro', 67, 117),
(125, '79804-000', 'Rua Antônio João', 'Centro', 67, 117),
(126, '79805-000', 'Rua Ceará', 'Centro', 67, 117),
(127, '79806-000', 'Rua Espírito Santo', 'Centro', 67, 117),
(128, '79807-000', 'Rua Paraíba', 'Centro', 67, 117),
(129, '79808-000', 'Rua Rio de Janeiro', 'Centro', 67, 117),
(130, '79809-000', 'Rua Minas Gerais', 'Centro', 67, 117),
(131, '79600-000', 'Av. Rosário Congro', 'Centro', 67, 118),
(132, '79601-000', 'Rua Dr. Jorge Sobrinho', 'Centro', 67, 118),
(133, '79602-000', 'Rua Paraná', 'Centro', 67, 118),
(134, '79603-000', 'Rua Minas Gerais', 'Centro', 67, 118),
(135, '79604-000', 'Rua São Paulo', 'Centro', 67, 118),
(136, '79605-000', 'Rua Espírito Santo', 'Centro', 67, 118),
(137, '79606-000', 'Rua Rio de Janeiro', 'Centro', 67, 118),
(138, '79607-000', 'Rua Bahia', 'Centro', 67, 118),
(139, '79608-000', 'Rua Santa Catarina', 'Centro', 67, 118),
(140, '79609-000', 'Rua Ceará', 'Centro', 67, 118),
(141, '79300-000', 'Rua 13 de Junho', 'Centro', 67, 119),
(142, '79301-000', 'Rua Dom Aquino', 'Centro', 67, 119),
(143, '79302-000', 'Rua Sete de Setembro', 'Centro', 67, 119),
(144, '79303-000', 'Rua Marechal Rondon', 'Centro', 67, 119),
(145, '79304-000', 'Rua Antônio Maria Coelho', 'Centro', 67, 119),
(146, '79305-000', 'Rua Rui Barbosa', 'Centro', 67, 119),
(147, '79306-000', 'Rua Barão do Rio Branco', 'Centro', 67, 119),
(148, '79307-000', 'Rua Pedro Celestino', 'Centro', 67, 119),
(149, '79308-000', 'Rua Dom Pedro II', 'Centro', 67, 119),
(150, '79309-000', 'Rua Antônio João', 'Centro', 67, 119),
(151, '79900-000', 'Rua Pedro Manvailer', 'Centro', 67, 120),
(152, '79901-000', 'Rua Rui Barbosa', 'Centro', 67, 120),
(153, '79902-000', 'Rua Marechal Rondon', 'Centro', 67, 120),
(154, '79903-000', 'Rua 7 de Setembro', 'Centro', 67, 120),
(155, '79904-000', 'Rua Antônio João', 'Centro', 67, 120),
(156, '79905-000', 'Rua São Paulo', 'Centro', 67, 120),
(157, '79906-000', 'Rua Minas Gerais', 'Centro', 67, 120),
(158, '79907-000', 'Rua Rio de Janeiro', 'Centro', 67, 120),
(159, '79908-000', 'Rua Santa Catarina', 'Centro', 67, 120),
(160, '79909-000', 'Rua Paraná', 'Centro', 67, 120),
(161, '78000-000', 'Av. Miguel Sutil', 'Centro', 65, 121),
(162, '78001-000', 'Rua Barão de Melgaço', 'Centro', 65, 121),
(163, '78002-000', 'Rua 13 de Junho', 'Centro', 65, 121),
(164, '78003-000', 'Rua XV de Novembro', 'Centro', 65, 121),
(165, '78004-000', 'Rua Dom Aquino', 'Centro', 65, 121),
(166, '78005-000', 'Rua Senador Filinto Müller', 'Centro', 65, 121),
(167, '78006-000', 'Rua Marechal Rondon', 'Centro', 65, 121),
(168, '78007-000', 'Rua Rui Barbosa', 'Centro', 65, 121),
(169, '78008-000', 'Rua Antônio Maria Coelho', 'Centro', 65, 121),
(170, '78009-000', 'Rua 24 de Outubro', 'Centro', 65, 121),
(171, '78100-000', 'Av. Couto Magalhães', 'Centro', 65, 122),
(172, '78101-000', 'Rua Coronel Mário Machado', 'Centro', 65, 122),
(173, '78102-000', 'Rua 15 de Novembro', 'Centro', 65, 122),
(174, '78103-000', 'Rua Marechal Rondon', 'Centro', 65, 122),
(175, '78104-000', 'Rua Antônio Maria Coelho', 'Centro', 65, 122),
(176, '78105-000', 'Rua Rui Barbosa', 'Centro', 65, 122),
(177, '78106-000', 'Rua Barão de Melgaço', 'Centro', 65, 122),
(178, '78107-000', 'Rua Dom Aquino', 'Centro', 65, 122),
(179, '78108-000', 'Rua XV de Novembro', 'Centro', 65, 122),
(180, '78109-000', 'Rua 13 de Junho', 'Centro', 65, 122),
(181, '78700-000', 'Rua Dom Pedro II', 'Centro', 66, 123),
(182, '78701-000', 'Rua Marechal Rondon', 'Centro', 66, 123),
(183, '78702-000', 'Rua XV de Novembro', 'Centro', 66, 123),
(184, '78703-000', 'Rua 13 de Maio', 'Centro', 66, 123),
(185, '78704-000', 'Rua Rui Barbosa', 'Centro', 66, 123),
(186, '78705-000', 'Rua Barão de Melgaço', 'Centro', 66, 123),
(187, '78706-000', 'Rua Senador Filinto Müller', 'Centro', 66, 123),
(188, '78707-000', 'Rua Dom Aquino', 'Centro', 66, 123),
(189, '78708-000', 'Rua Antônio Maria Coelho', 'Centro', 66, 123),
(190, '78709-000', 'Rua 24 de Outubro', 'Centro', 66, 123),
(191, '78550-000', 'Av. Brasil', 'Centro', 66, 124),
(192, '78551-000', 'Rua das Figueiras', 'Centro', 66, 124),
(193, '78552-000', 'Rua dos Jacarandás', 'Centro', 66, 124),
(194, '78553-000', 'Rua das Palmeiras', 'Centro', 66, 124),
(195, '78554-000', 'Rua das Mangueiras', 'Centro', 66, 124),
(196, '78555-000', 'Rua das Flores', 'Centro', 66, 124),
(197, '78556-000', 'Rua Araucárias', 'Centro', 66, 124),
(198, '78557-000', 'Rua dos Ipês', 'Centro', 66, 124),
(199, '78558-000', 'Rua das Acácias', 'Centro', 66, 124),
(200, '78559-000', 'Rua das Orquídeas', 'Centro', 66, 124),
(201, '78300-000', 'Rua do Comércio', 'Centro', 65, 125),
(202, '78301-000', 'Rua do Rosário', 'Centro', 65, 125),
(203, '78302-000', 'Rua Marechal Rondon', 'Centro', 65, 125),
(204, '78303-000', 'Rua XV de Novembro', 'Centro', 65, 125),
(205, '78304-000', 'Rua Barão de Melgaço', 'Centro', 65, 125),
(206, '78305-000', 'Rua Rui Barbosa', 'Centro', 65, 125),
(207, '78306-000', 'Rua Dom Aquino', 'Centro', 65, 125),
(208, '78307-000', 'Rua Senador Filinto Müller', 'Centro', 65, 125),
(209, '78308-000', 'Rua Antônio Maria Coelho', 'Centro', 65, 125),
(210, '78309-000', 'Rua 13 de Junho', 'Centro', 65, 125),
(211, '74000-000', 'Av. Goiás', 'Centro', 62, 126),
(212, '74001-000', 'Rua 7 de Setembro', 'Centro', 62, 126),
(213, '74002-000', 'Rua 1º de Abril', 'Centro', 62, 126),
(214, '74003-000', 'Rua 24 de Outubro', 'Centro', 62, 126),
(215, '74004-000', 'Rua 14 de Julho', 'Centro', 62, 126),
(216, '74005-000', 'Rua 26 de Agosto', 'Centro', 62, 126),
(217, '74006-000', 'Rua 12 de Outubro', 'Centro', 62, 126),
(218, '74007-000', 'Rua 15 de Novembro', 'Centro', 62, 126),
(219, '74008-000', 'Rua 1º de Maio', 'Centro', 62, 126),
(220, '74009-000', 'Rua 28 de Setembro', 'Centro', 62, 126),
(221, '74900-000', 'Rua 1º de Janeiro', 'Centro', 62, 127),
(222, '74901-000', 'Rua 24 de Outubro', 'Centro', 62, 127),
(223, '74902-000', 'Rua 7 de Setembro', 'Centro', 62, 127),
(224, '74903-000', 'Rua Marechal Rondon', 'Centro', 62, 127),
(225, '74904-000', 'Rua Senador Canedo', 'Centro', 62, 127),
(226, '74905-000', 'Rua Goiás', 'Centro', 62, 127),
(227, '74906-000', 'Rua Brasília', 'Centro', 62, 127),
(228, '74907-000', 'Rua 15 de Novembro', 'Centro', 62, 127),
(229, '74908-000', 'Rua Dom Pedro II', 'Centro', 62, 127),
(230, '74909-000', 'Rua Antonio Carlos', 'Centro', 62, 127),
(231, '75000-000', 'Rua Goiás', 'Centro', 62, 128),
(232, '75001-000', 'Rua 7 de Setembro', 'Centro', 62, 128),
(233, '75002-000', 'Rua 15 de Novembro', 'Centro', 62, 128),
(234, '75003-000', 'Rua Dom Pedro II', 'Centro', 62, 128),
(235, '75004-000', 'Rua Marechal Rondon', 'Centro', 62, 128),
(236, '75005-000', 'Rua Senador Canedo', 'Centro', 62, 128),
(237, '75006-000', 'Rua Brasília', 'Centro', 62, 128),
(238, '75007-000', 'Rua 24 de Outubro', 'Centro', 62, 128),
(239, '75008-000', 'Rua Antônio Carlos', 'Centro', 62, 128),
(240, '75009-000', 'Rua 1º de Maio', 'Centro', 62, 128),
(241, '75900-000', 'Av. Presidente Vargas', 'Centro', 64, 129),
(242, '75901-000', 'Rua Goiás', 'Centro', 64, 129),
(243, '75902-000', 'Rua 7 de Setembro', 'Centro', 64, 129),
(244, '75903-000', 'Rua 15 de Novembro', 'Centro', 64, 129),
(245, '75904-000', 'Rua Dom Pedro II', 'Centro', 64, 129),
(246, '75905-000', 'Rua Marechal Rondon', 'Centro', 64, 129),
(247, '75906-000', 'Rua Senador Canedo', 'Centro', 64, 129),
(248, '75907-000', 'Rua Brasília', 'Centro', 64, 129),
(249, '75908-000', 'Rua Antônio Carlos', 'Centro', 64, 129),
(250, '75909-000', 'Rua 1º de Maio', 'Centro', 64, 129),
(251, '72900-000', 'Rua Goiás', 'Centro', 61, 130),
(252, '72901-000', 'Rua Brasília', 'Centro', 61, 130),
(253, '72902-000', 'Rua 7 de Setembro', 'Centro', 61, 130),
(254, '72903-000', 'Rua Marechal Rondon', 'Centro', 61, 130),
(255, '72904-000', 'Rua Dom Pedro II', 'Centro', 61, 130),
(256, '72905-000', 'Rua Senador Canedo', 'Centro', 61, 130),
(257, '72906-000', 'Rua 15 de Novembro', 'Centro', 61, 130),
(258, '72907-000', 'Rua Antônio Carlos', 'Centro', 61, 130),
(259, '72908-000', 'Rua 1º de Maio', 'Centro', 61, 130),
(260, '72909-000', 'Rua 24 de Outubro', 'Centro', 61, 130),
(261, '70000-000', 'Esplanada dos Ministérios', 'Centro', 61, 131),
(262, '70001-000', 'Rua 1', 'Asa Sul', 61, 131),
(263, '70002-000', 'Rua 2', 'Asa Sul', 61, 131),
(264, '70003-000', 'Rua 3', 'Asa Norte', 61, 131),
(265, '70004-000', 'Rua 4', 'Asa Norte', 61, 131),
(266, '70005-000', 'Rua 5', 'Asa Sul', 61, 131),
(267, '70006-000', 'Rua 6', 'Asa Sul', 61, 131),
(268, '70007-000', 'Rua 7', 'Asa Norte', 61, 131),
(269, '70008-000', 'Rua 8', 'Asa Norte', 61, 131),
(270, '70009-000', 'Rua 9', 'Asa Sul', 61, 131),
(271, '71000-000', 'Rua do Cruzeiro', 'Sudoeste', 61, 131),
(272, '71001-000', 'Rua das Flores', 'Sudoeste', 61, 131),
(273, '71002-000', 'Rua das Acácias', 'Sudoeste', 61, 131),
(274, '71003-000', 'Rua das Palmeiras', 'Sudoeste', 61, 131),
(275, '71004-000', 'Rua das Mangueiras', 'Sudoeste', 61, 131),
(276, '71005-000', 'Rua das Orquídeas', 'Sudoeste', 61, 131),
(277, '71006-000', 'Rua das Figueiras', 'Sudoeste', 61, 131),
(278, '71007-000', 'Rua Araucárias', 'Sudoeste', 61, 131),
(279, '71008-000', 'Rua dos Ipês', 'Sudoeste', 61, 131),
(280, '71009-000', 'Rua Ipê Roxo', 'Sudoeste', 61, 131),
(281, '71200-000', 'Rua 1', 'Noroeste', 61, 131),
(282, '71201-000', 'Rua 2', 'Noroeste', 61, 131),
(283, '71202-000', 'Rua 3', 'Noroeste', 61, 131),
(284, '71203-000', 'Rua 4', 'Noroeste', 61, 131),
(285, '71204-000', 'Rua 5', 'Noroeste', 61, 131),
(286, '71205-000', 'Rua 6', 'Noroeste', 61, 131),
(287, '71206-000', 'Rua 7', 'Noroeste', 61, 131),
(288, '71207-000', 'Rua 8', 'Noroeste', 61, 131),
(289, '71208-000', 'Rua 9', 'Noroeste', 61, 131),
(290, '71209-000', 'Rua 10', 'Noroeste', 61, 131),
(291, '71300-000', 'Rua Central', 'Ceilândia', 61, 131),
(292, '71301-000', 'Rua das Palmeiras', 'Ceilândia', 61, 131),
(293, '71302-000', 'Rua das Mangueiras', 'Ceilândia', 61, 131),
(294, '71303-000', 'Rua das Orquídeas', 'Ceilândia', 61, 131),
(295, '71304-000', 'Rua das Flores', 'Ceilândia', 61, 131),
(296, '71305-000', 'Rua dos Ipês', 'Ceilândia', 61, 131),
(297, '71306-000', 'Rua Araucárias', 'Ceilândia', 61, 131),
(298, '71307-000', 'Rua das Figueiras', 'Ceilândia', 61, 131),
(299, '71308-000', 'Rua das Acácias', 'Ceilândia', 61, 131),
(300, '71309-000', 'Rua Ipê Roxo', 'Ceilândia', 61, 131),
(301, '72000-000', 'Rua Central', 'Taguatinga', 61, 131),
(302, '72001-000', 'Rua das Palmeiras', 'Taguatinga', 61, 131),
(303, '72002-000', 'Rua das Mangueiras', 'Taguatinga', 61, 131),
(304, '72003-000', 'Rua das Orquídeas', 'Taguatinga', 61, 131),
(305, '72004-000', 'Rua das Flores', 'Taguatinga', 61, 131),
(306, '72005-000', 'Rua dos Ipês', 'Taguatinga', 61, 131),
(307, '72006-000', 'Rua Araucárias', 'Taguatinga', 61, 131),
(308, '72007-000', 'Rua das Figueiras', 'Taguatinga', 61, 131),
(309, '72008-000', 'Rua das Acácias', 'Taguatinga', 61, 131),
(310, '72009-000', 'Rua Ipê Roxo', 'Taguatinga', 61, 131),
(311, '77000-000', 'Av. Tocantins', 'Palmas', 63, 31),
(312, '77001-000', 'Rua 1', 'Centro', 63, 31),
(313, '77002-000', 'Rua 2', 'Centro', 63, 31),
(314, '77003-000', 'Rua 3', 'Centro', 63, 31),
(315, '77004-000', 'Rua 4', 'Centro', 63, 31),
(316, '77005-000', 'Rua 5', 'Centro', 63, 31),
(317, '77006-000', 'Rua 6', 'Centro', 63, 31),
(318, '77007-000', 'Rua 7', 'Centro', 63, 31),
(319, '77008-000', 'Rua 8', 'Centro', 63, 31),
(320, '77009-000', 'Rua 9', 'Centro', 63, 31),
(321, '77800-000', 'Av. Independência', 'Araguaína', 63, 32),
(322, '77801-000', 'Rua do Comércio', 'Centro', 63, 32),
(323, '77802-000', 'Rua do Rosário', 'Centro', 63, 32),
(324, '77803-000', 'Rua Marechal Rondon', 'Centro', 63, 32),
(325, '77804-000', 'Rua XV de Novembro', 'Centro', 63, 32),
(326, '77805-000', 'Rua Barão de Melgaço', 'Centro', 63, 32),
(327, '77806-000', 'Rua Rui Barbosa', 'Centro', 63, 32),
(328, '77807-000', 'Rua Dom Aquino', 'Centro', 63, 32),
(329, '77808-000', 'Rua Senador Filinto Müller', 'Centro', 63, 32),
(330, '77809-000', 'Rua Antônio Maria Coelho', 'Centro', 63, 32),
(331, '77400-000', 'Av. Goiás', 'Gurupi', 63, 33),
(332, '77401-000', 'Rua 7 de Setembro', 'Centro', 63, 33),
(333, '77402-000', 'Rua 15 de Novembro', 'Centro', 63, 33),
(334, '77403-000', 'Rua Dom Pedro II', 'Centro', 63, 33),
(335, '77404-000', 'Rua Marechal Rondon', 'Centro', 63, 33),
(336, '77405-000', 'Rua Senador Canedo', 'Centro', 63, 33),
(337, '77406-000', 'Rua Brasília', 'Centro', 63, 33),
(338, '77407-000', 'Rua 24 de Outubro', 'Centro', 63, 33),
(339, '77408-000', 'Rua Antônio Carlos', 'Centro', 63, 33),
(340, '77409-000', 'Rua 1º de Maio', 'Centro', 63, 33),
(341, '77500-000', 'Av. Tocantins', 'Porto Nacional', 63, 34),
(342, '77501-000', 'Rua Goiás', 'Centro', 63, 34),
(343, '77502-000', 'Rua 7 de Setembro', 'Centro', 63, 34),
(344, '77503-000', 'Rua 15 de Novembro', 'Centro', 63, 34),
(345, '77504-000', 'Rua Dom Pedro II', 'Centro', 63, 34),
(346, '77505-000', 'Rua Marechal Rondon', 'Centro', 63, 34),
(347, '77506-000', 'Rua Senador Canedo', 'Centro', 63, 34),
(348, '77507-000', 'Rua Brasília', 'Centro', 63, 34),
(349, '77508-000', 'Rua Antônio Carlos', 'Centro', 63, 34),
(350, '77509-000', 'Rua 1º de Maio', 'Centro', 63, 34),
(351, '77600-000', 'Av. Goiás', 'Paraíso do Tocantins', 63, 35),
(352, '77601-000', 'Rua 7 de Setembro', 'Centro', 63, 35),
(353, '77602-000', 'Rua 15 de Novembro', 'Centro', 63, 35),
(354, '77603-000', 'Rua Dom Pedro II', 'Centro', 63, 35),
(355, '77604-000', 'Rua Marechal Rondon', 'Centro', 63, 35),
(356, '77605-000', 'Rua Senador Canedo', 'Centro', 63, 35),
(357, '77606-000', 'Rua Brasília', 'Centro', 63, 35),
(358, '77607-000', 'Rua 24 de Outubro', 'Centro', 63, 35),
(359, '77608-000', 'Rua Antônio Carlos', 'Centro', 63, 35),
(360, '77609-000', 'Rua 1º de Maio', 'Centro', 63, 35),
(361, '65000-000', 'Rua Grande', 'São Luís', 98, 36),
(362, '65001-000', 'Rua do Sol', 'Centro', 98, 36),
(363, '65002-000', 'Rua do Comércio', 'Centro', 98, 36),
(364, '65003-000', 'Rua da Estrela', 'Centro', 98, 36),
(365, '65004-000', 'Rua do Rosário', 'Centro', 98, 36),
(366, '65005-000', 'Rua Marechal Rondon', 'Centro', 98, 36),
(367, '65006-000', 'Rua XV de Novembro', 'Centro', 98, 36),
(368, '65007-000', 'Rua Barão de Grajaú', 'Centro', 98, 36),
(369, '65008-000', 'Rua Rui Barbosa', 'Centro', 98, 36),
(370, '65009-000', 'Rua Dom Pedro II', 'Centro', 98, 36),
(371, '65900-000', 'Av. Getúlio Vargas', 'Imperatriz', 99, 37),
(372, '65901-000', 'Rua São Luís', 'Centro', 99, 37),
(373, '65902-000', 'Rua Maranhão', 'Centro', 99, 37),
(374, '65903-000', 'Rua Piauí', 'Centro', 99, 37),
(375, '65904-000', 'Rua Ceará', 'Centro', 99, 37),
(376, '65905-000', 'Rua Pará', 'Centro', 99, 37),
(377, '65906-000', 'Rua Amazonas', 'Centro', 99, 37),
(378, '65907-000', 'Rua Tocantins', 'Centro', 99, 37),
(379, '65908-000', 'Rua Rondônia', 'Centro', 99, 37),
(380, '65909-000', 'Rua Acre', 'Centro', 99, 37),
(381, '65100-000', 'Rua 13 de Maio', 'São José de Ribamar', 98, 38),
(382, '65101-000', 'Rua Marechal Rondon', 'Centro', 98, 38),
(383, '65102-000', 'Rua Rui Barbosa', 'Centro', 98, 38),
(384, '65103-000', 'Rua Barão de Grajaú', 'Centro', 98, 38),
(385, '65104-000', 'Rua Dom Pedro II', 'Centro', 98, 38),
(386, '65105-000', 'Rua XV de Novembro', 'Centro', 98, 38),
(387, '65106-000', 'Rua 24 de Outubro', 'Centro', 98, 38),
(388, '65107-000', 'Rua 13 de Junho', 'Centro', 98, 38),
(389, '65108-000', 'Rua Senador Melo', 'Centro', 98, 38),
(390, '65109-000', 'Rua Antônio Maria Coelho', 'Centro', 98, 38),
(391, '64600-000', 'Rua do Comércio', 'Timon', 99, 39),
(392, '64601-000', 'Rua do Rosário', 'Centro', 99, 39),
(393, '64602-000', 'Rua Marechal Rondon', 'Centro', 99, 39),
(394, '64603-000', 'Rua XV de Novembro', 'Centro', 99, 39),
(395, '64604-000', 'Rua Barão de Grajaú', 'Centro', 99, 39),
(396, '64605-000', 'Rua Rui Barbosa', 'Centro', 99, 39),
(397, '64606-000', 'Rua Dom Pedro II', 'Centro', 99, 39),
(398, '64607-000', 'Rua Senador Melo', 'Centro', 99, 39),
(399, '64608-000', 'Rua 24 de Outubro', 'Centro', 99, 39),
(400, '64609-000', 'Rua Antônio Maria Coelho', 'Centro', 99, 39),
(401, '65600-000', 'Rua Marechal Rondon', 'Caxias', 99, 40),
(402, '65601-000', 'Rua XV de Novembro', 'Centro', 99, 40),
(403, '65602-000', 'Rua Barão de Grajaú', 'Centro', 99, 40),
(404, '65603-000', 'Rua Rui Barbosa', 'Centro', 99, 40),
(405, '65604-000', 'Rua Dom Pedro II', 'Centro', 99, 40),
(406, '65605-000', 'Rua Senador Melo', 'Centro', 99, 40),
(407, '65606-000', 'Rua 24 de Outubro', 'Centro', 99, 40),
(408, '65607-000', 'Rua 13 de Junho', 'Centro', 99, 40),
(409, '65608-000', 'Rua Antônio Maria Coelho', 'Centro', 99, 40),
(410, '65609-000', 'Rua do Comércio', 'Centro', 99, 40),
(411, '30100-000', 'Av. Afonso Pena', 'Belo Horizonte', 31, 81),
(412, '30101-000', 'Rua dos Tupis', 'Centro', 31, 81),
(413, '30102-000', 'Rua da Bahia', 'Centro', 31, 81),
(414, '30103-000', 'Rua Espírito Santo', 'Centro', 31, 81),
(415, '30104-000', 'Rua Rio de Janeiro', 'Centro', 31, 81),
(416, '30105-000', 'Rua Minas Gerais', 'Centro', 31, 81),
(417, '30106-000', 'Rua Pernambuco', 'Centro', 31, 81),
(418, '30107-000', 'Rua Goiás', 'Centro', 31, 81),
(419, '30108-000', 'Rua São Paulo', 'Centro', 31, 81),
(420, '30109-000', 'Rua Santa Catarina', 'Centro', 31, 81),
(421, '38400-000', 'Av. Amazonas', 'Uberlândia', 34, 82),
(422, '38401-000', 'Rua Ceará', 'Centro', 34, 82),
(423, '38402-000', 'Rua Piauí', 'Centro', 34, 82),
(424, '38403-000', 'Rua Pará', 'Centro', 34, 82),
(425, '38404-000', 'Rua Maranhão', 'Centro', 34, 82),
(426, '38405-000', 'Rua Tocantins', 'Centro', 34, 82),
(427, '38406-000', 'Rua Rondônia', 'Centro', 34, 82),
(428, '38407-000', 'Rua Acre', 'Centro', 34, 82),
(429, '38408-000', 'Rua Amazonas', 'Centro', 34, 82),
(430, '38409-000', 'Rua Espírito Santo', 'Centro', 34, 82),
(431, '32000-000', 'Av. João Pinheiro', 'Contagem', 31, 83),
(432, '32001-000', 'Rua Barão de Cocais', 'Centro', 31, 83),
(433, '32002-000', 'Rua Sete de Setembro', 'Centro', 31, 83),
(434, '32003-000', 'Rua 15 de Novembro', 'Centro', 31, 83),
(435, '32004-000', 'Rua Dom Pedro II', 'Centro', 31, 83),
(436, '32005-000', 'Rua Marechal Rondon', 'Centro', 31, 83),
(437, '32006-000', 'Rua Senador Canedo', 'Centro', 31, 83),
(438, '32007-000', 'Rua Brasília', 'Centro', 31, 83),
(439, '32008-000', 'Rua Antônio Carlos', 'Centro', 31, 83),
(440, '32009-000', 'Rua 1º de Maio', 'Centro', 31, 83),
(441, '36000-000', 'Av. Barão Homem de Melo', 'Juiz de Fora', 32, 84),
(442, '36001-000', 'Rua Marechal Rondon', 'Centro', 32, 84),
(443, '36002-000', 'Rua 15 de Novembro', 'Centro', 32, 84),
(444, '36003-000', 'Rua Dom Pedro II', 'Centro', 32, 84),
(445, '36004-000', 'Rua Senador Canedo', 'Centro', 32, 84),
(446, '36005-000', 'Rua Brasília', 'Centro', 32, 84),
(447, '36006-000', 'Rua Antônio Carlos', 'Centro', 32, 84),
(448, '36007-000', 'Rua 1º de Maio', 'Centro', 32, 84),
(449, '36008-000', 'Rua 24 de Outubro', 'Centro', 32, 84),
(450, '36009-000', 'Rua 13 de Junho', 'Centro', 32, 84),
(451, '32600-000', 'Av. Juscelino Kubitschek', 'Betim', 31, 85),
(452, '32601-000', 'Rua 7 de Setembro', 'Centro', 31, 85),
(453, '32602-000', 'Rua Marechal Rondon', 'Centro', 31, 85),
(454, '32603-000', 'Rua Dom Pedro II', 'Centro', 31, 85),
(455, '32604-000', 'Rua XV de Novembro', 'Centro', 31, 85),
(456, '32605-000', 'Rua Barão de Melgaço', 'Centro', 31, 85),
(457, '32606-000', 'Rua Rui Barbosa', 'Centro', 31, 85),
(458, '32607-000', 'Rua Senador Melo', 'Centro', 31, 85),
(459, '32608-000', 'Rua 24 de Outubro', 'Centro', 31, 85),
(460, '32609-000', 'Rua Antônio Maria Coelho', 'Centro', 31, 85),
(461, '29000-000', 'Av. Jerônimo Monteiro', 'Vitória', 27, 86),
(462, '29001-000', 'Rua Sete de Setembro', 'Centro', 27, 86),
(463, '29002-000', 'Rua Dom Pedro II', 'Centro', 27, 86),
(464, '29003-000', 'Rua Marechal Rondon', 'Centro', 27, 86),
(465, '29004-000', 'Rua XV de Novembro', 'Centro', 27, 86),
(466, '29005-000', 'Rua Barão de Melgaço', 'Centro', 27, 86),
(467, '29006-000', 'Rua Rui Barbosa', 'Centro', 27, 86),
(468, '29007-000', 'Rua Senador Melo', 'Centro', 27, 86),
(469, '29008-000', 'Rua Antônio Maria Coelho', 'Centro', 27, 86),
(470, '29009-000', 'Rua 24 de Outubro', 'Centro', 27, 86),
(471, '29100-000', 'Av. Carlos Lindenberg', 'Vila Velha', 27, 87),
(472, '29101-000', 'Rua 7 de Setembro', 'Centro', 27, 87),
(473, '29102-000', 'Rua Marechal Rondon', 'Centro', 27, 87),
(474, '29103-000', 'Rua Dom Pedro II', 'Centro', 27, 87),
(475, '29104-000', 'Rua XV de Novembro', 'Centro', 27, 87),
(476, '29105-000', 'Rua Barão de Melgaço', 'Centro', 27, 87),
(477, '29106-000', 'Rua Rui Barbosa', 'Centro', 27, 87),
(478, '29107-000', 'Rua Senador Melo', 'Centro', 27, 87),
(479, '29108-000', 'Rua Antônio Maria Coelho', 'Centro', 27, 87),
(480, '29109-000', 'Rua 24 de Outubro', 'Centro', 27, 87),
(481, '29150-000', 'Av. Central', 'Serra', 27, 88),
(482, '29151-000', 'Rua Goiás', 'Centro', 27, 88),
(483, '29152-000', 'Rua Minas Gerais', 'Centro', 27, 88),
(484, '29153-000', 'Rua Espírito Santo', 'Centro', 27, 88),
(485, '29154-000', 'Rua Rio de Janeiro', 'Centro', 27, 88),
(486, '29155-000', 'Rua Pernambuco', 'Centro', 27, 88),
(487, '29156-000', 'Rua São Paulo', 'Centro', 27, 88),
(488, '29157-000', 'Rua Santa Catarina', 'Centro', 27, 88),
(489, '29158-000', 'Rua Ceará', 'Centro', 27, 88),
(490, '29159-000', 'Rua Piauí', 'Centro', 27, 88),
(491, '29160-000', 'Av. Central', 'Cariacica', 27, 89),
(492, '29161-000', 'Rua Goiás', 'Centro', 27, 89),
(493, '29162-000', 'Rua Minas Gerais', 'Centro', 27, 89),
(494, '29163-000', 'Rua Espírito Santo', 'Centro', 27, 89),
(495, '29164-000', 'Rua Rio de Janeiro', 'Centro', 27, 89),
(496, '29165-000', 'Rua Pernambuco', 'Centro', 27, 89),
(497, '29166-000', 'Rua São Paulo', 'Centro', 27, 89),
(498, '29167-000', 'Rua Santa Catarina', 'Centro', 27, 89),
(499, '29168-000', 'Rua Ceará', 'Centro', 27, 89),
(500, '29169-000', 'Rua Piauí', 'Centro', 27, 89),
(501, '29090-000', 'Rua Central', 'Cachoeiro de Itapemirim', 28, 90),
(502, '29091-000', 'Rua Marechal Rondon', 'Centro', 28, 90),
(503, '29092-000', 'Rua Rui Barbosa', 'Centro', 28, 90),
(504, '29093-000', 'Rua Dom Pedro II', 'Centro', 28, 90),
(505, '29094-000', 'Rua XV de Novembro', 'Centro', 28, 90),
(506, '29095-000', 'Rua Barão de Melgaço', 'Centro', 28, 90),
(507, '29096-000', 'Rua Senador Melo', 'Centro', 28, 90),
(508, '29097-000', 'Rua Antônio Maria Coelho', 'Centro', 28, 90),
(509, '29098-000', 'Rua 24 de Outubro', 'Centro', 28, 90),
(510, '29099-000', 'Rua 13 de Junho', 'Centro', 28, 90),
(511, '29000-100', 'Av. Beira Rio', 'Cachoeiro de Itapemirim', 28, 90),
(512, '29100-100', 'Rua São João', 'Centro', 28, 90),
(513, '29101-100', 'Rua Marechal Deodoro', 'Centro', 28, 90),
(514, '29102-100', 'Rua Sete de Setembro', 'Centro', 28, 90),
(515, '29103-100', 'Rua Santo Antônio', 'Centro', 28, 90),
(516, '29104-100', 'Rua Coronel Souza', 'Centro', 28, 90),
(517, '29105-100', 'Rua da Glória', 'Centro', 28, 90),
(518, '29106-100', 'Rua Vitória', 'Centro', 28, 90),
(519, '29107-100', 'Rua São José', 'Centro', 28, 90),
(520, '29108-100', 'Rua Marechal Floriano', 'Centro', 28, 90),
(521, '20000-000', 'Rua da Praia', 'Rio de Janeiro', 21, 91),
(522, '20001-000', 'Rua do Ouvidor', 'Centro', 21, 91),
(523, '20002-000', 'Rua Primeiro de Março', 'Centro', 21, 91),
(524, '20003-000', 'Rua Uruguaiana', 'Centro', 21, 91),
(525, '20004-000', 'Rua Sete de Setembro', 'Centro', 21, 91),
(526, '20005-000', 'Rua da Assembleia', 'Centro', 21, 91),
(527, '20006-000', 'Rua Santa Luzia', 'Centro', 21, 91),
(528, '20007-000', 'Rua Buenos Aires', 'Centro', 21, 91),
(529, '20008-000', 'Rua Araújo Porto Alegre', 'Centro', 21, 91),
(530, '20009-000', 'Rua da Alfândega', 'Centro', 21, 91),
(531, '24400-000', 'Rua Cel. Agostinho', 'São Gonçalo', 21, 92),
(532, '24401-000', 'Rua Dr. Nilo Peçanha', 'Centro', 21, 92),
(533, '24402-000', 'Rua Marechal Floriano', 'Centro', 21, 92),
(534, '24403-000', 'Rua São João', 'Centro', 21, 92),
(535, '24404-000', 'Rua Coronel Veiga', 'Centro', 21, 92),
(536, '24405-000', 'Rua Doutor Alfredo Backer', 'Centro', 21, 92),
(537, '24406-000', 'Rua Primeiro de Maio', 'Centro', 21, 92),
(538, '24407-000', 'Rua São Pedro', 'Centro', 21, 92),
(539, '24408-000', 'Rua Marechal Rondon', 'Centro', 21, 92),
(540, '24409-000', 'Rua Dom Pedro II', 'Centro', 21, 92),
(541, '25000-000', 'Rua Marechal Floriano', 'Duque de Caxias', 21, 93),
(542, '25001-000', 'Rua do Imperador', 'Centro', 21, 93),
(543, '25002-000', 'Rua Coronel Moreira César', 'Centro', 21, 93),
(544, '25003-000', 'Rua Rio Branco', 'Centro', 21, 93),
(545, '25004-000', 'Rua Barão do Rio Branco', 'Centro', 21, 93),
(546, '25005-000', 'Rua General Osório', 'Centro', 21, 93),
(547, '25006-000', 'Rua XV de Novembro', 'Centro', 21, 93),
(548, '25007-000', 'Rua da Constituição', 'Centro', 21, 93),
(549, '25008-000', 'Rua Marechal Rondon', 'Centro', 21, 93),
(550, '25009-000', 'Rua Dom Pedro II', 'Centro', 21, 93),
(551, '26000-000', 'Rua Barão de Mesquita', 'Nova Iguaçu', 21, 94),
(552, '26001-000', 'Rua Marechal Floriano', 'Centro', 21, 94),
(553, '26002-000', 'Rua da Constituição', 'Centro', 21, 94),
(554, '26003-000', 'Rua XV de Novembro', 'Centro', 21, 94),
(555, '26004-000', 'Rua Rio Branco', 'Centro', 21, 94),
(556, '26005-000', 'Rua do Imperador', 'Centro', 21, 94),
(557, '26006-000', 'Rua Coronel Veiga', 'Centro', 21, 94),
(558, '26007-000', 'Rua Dom Pedro II', 'Centro', 21, 94),
(559, '26008-000', 'Rua Marechal Rondon', 'Centro', 21, 94),
(560, '26009-000', 'Rua Primeiro de Maio', 'Centro', 21, 94),
(561, '24300-000', 'Rua Dr. Celestino', 'Niterói', 21, 95),
(562, '24301-000', 'Rua São João', 'Centro', 21, 95),
(563, '24302-000', 'Rua Marechal Floriano', 'Centro', 21, 95),
(564, '24303-000', 'Rua da Conceição', 'Centro', 21, 95),
(565, '24304-000', 'Rua Santa Rosa', 'Centro', 21, 95),
(566, '24305-000', 'Rua Dom Pedro II', 'Centro', 21, 95),
(567, '24306-000', 'Rua Primeiro de Maio', 'Centro', 21, 95),
(568, '24307-000', 'Rua Rio Branco', 'Centro', 21, 95),
(569, '24308-000', 'Rua XV de Novembro', 'Centro', 21, 95),
(570, '24309-000', 'Rua Marechal Rondon', 'Centro', 21, 95),
(571, '01000-000', 'Praça da Sé', 'São Paulo', 11, 96),
(572, '01001-000', 'Rua Direita', 'Centro', 11, 96),
(573, '01002-000', 'Rua São Bento', 'Centro', 11, 96),
(574, '01003-000', 'Rua 25 de Março', 'Centro', 11, 96),
(575, '01004-000', 'Rua Boa Vista', 'Centro', 11, 96),
(576, '01005-000', 'Rua Vinte e Três de Maio', 'Centro', 11, 96),
(577, '01006-000', 'Rua da Consolação', 'Centro', 11, 96),
(578, '01007-000', 'Rua Augusta', 'Centro', 11, 96),
(579, '01008-000', 'Rua Maria Paula', 'Centro', 11, 96),
(580, '01009-000', 'Rua Treze de Maio', 'Centro', 11, 96),
(581, '07000-000', 'Av. Tiradentes', 'Guarulhos', 11, 97),
(582, '07001-000', 'Rua Príncipe de Gales', 'Centro', 11, 97),
(583, '07002-000', 'Rua João XXIII', 'Centro', 11, 97),
(584, '07003-000', 'Rua do Sol', 'Centro', 11, 97),
(585, '07004-000', 'Rua Santa Tereza', 'Centro', 11, 97),
(586, '07005-000', 'Rua Marechal Floriano', 'Centro', 11, 97),
(587, '07006-000', 'Rua das Flores', 'Centro', 11, 97),
(588, '07007-000', 'Rua São José', 'Centro', 11, 97),
(589, '07008-000', 'Rua XV de Novembro', 'Centro', 11, 97),
(590, '07009-000', 'Rua Dom Pedro II', 'Centro', 11, 97),
(591, '13000-000', 'Rua Barreto Leme', 'Campinas', 19, 98),
(592, '13001-000', 'Rua Conceição', 'Centro', 19, 98),
(593, '13002-000', 'Rua Marechal Rondon', 'Centro', 19, 98),
(594, '13003-000', 'Rua XV de Novembro', 'Centro', 19, 98),
(595, '13004-000', 'Rua Dom Pedro II', 'Centro', 19, 98),
(596, '13005-000', 'Rua Sete de Setembro', 'Centro', 19, 98),
(597, '13006-000', 'Rua Primeiro de Maio', 'Centro', 19, 98),
(598, '13007-000', 'Rua Antonio Carlos', 'Centro', 19, 98),
(599, '13008-000', 'Rua da Constituição', 'Centro', 19, 98),
(600, '13009-000', 'Rua Rio Branco', 'Centro', 19, 98),
(601, '09600-000', 'Rua dos Expedicionários', 'São Bernardo do Campo', 11, 99),
(602, '09601-000', 'Rua da Liberdade', 'Centro', 11, 99),
(603, '09602-000', 'Rua Marechal Deodoro', 'Centro', 11, 99),
(604, '09603-000', 'Rua Sete de Setembro', 'Centro', 11, 99),
(605, '09604-000', 'Rua XV de Novembro', 'Centro', 11, 99),
(606, '09605-000', 'Rua Dom Pedro II', 'Centro', 11, 99),
(607, '09606-000', 'Rua Marechal Floriano', 'Centro', 11, 99),
(608, '09607-000', 'Rua Barão de Mauá', 'Centro', 11, 99),
(609, '09608-000', 'Rua Antonio Pereira', 'Centro', 11, 99),
(610, '09609-000', 'Rua da Paz', 'Centro', 11, 99),
(611, '09100-000', 'Rua dos Andradas', 'Santo André', 11, 100),
(612, '09101-000', 'Rua São José', 'Centro', 11, 100),
(613, '09102-000', 'Rua Marechal Rondon', 'Centro', 11, 100),
(614, '09103-000', 'Rua XV de Novembro', 'Centro', 11, 100),
(615, '09104-000', 'Rua Dom Pedro II', 'Centro', 11, 100),
(616, '09105-000', 'Rua 7 de Setembro', 'Centro', 11, 100),
(617, '09106-000', 'Rua Primeiro de Maio', 'Centro', 11, 100),
(618, '09107-000', 'Rua Antônio Carlos', 'Centro', 11, 100),
(619, '09108-000', 'Rua Rio Branco', 'Centro', 11, 100),
(620, '09109-000', 'Rua Marechal Floriano', 'Centro', 11, 100),
(621, '80000-000', 'Rua XV de Novembro', 'Curitiba', 41, 101),
(622, '80001-000', 'Rua Marechal Deodoro', 'Centro', 41, 101),
(623, '80002-000', 'Rua 7 de Setembro', 'Centro', 41, 101),
(624, '80003-000', 'Rua Dom Pedro II', 'Centro', 41, 101),
(625, '80004-000', 'Rua Marechal Floriano', 'Centro', 41, 101),
(626, '80005-000', 'Rua Barão do Rio Branco', 'Centro', 41, 101),
(627, '80006-000', 'Rua Rio Branco', 'Centro', 41, 101),
(628, '80007-000', 'Rua XV de Maio', 'Centro', 41, 101),
(629, '80008-000', 'Rua Antonio Carlos', 'Centro', 41, 101),
(630, '80009-000', 'Rua Senador Pinheiro', 'Centro', 41, 101),
(631, '86000-000', 'Rua Paraná', 'Londrina', 43, 102),
(632, '86001-000', 'Rua Mato Grosso', 'Centro', 43, 102),
(633, '86002-000', 'Rua São Paulo', 'Centro', 43, 102),
(634, '86003-000', 'Rua Minas Gerais', 'Centro', 43, 102),
(635, '86004-000', 'Rua Santa Catarina', 'Centro', 43, 102),
(636, '86005-000', 'Rua Espírito Santo', 'Centro', 43, 102),
(637, '86006-000', 'Rua Rio de Janeiro', 'Centro', 43, 102),
(638, '86007-000', 'Rua Ceará', 'Centro', 43, 102),
(639, '86008-000', 'Rua Piauí', 'Centro', 43, 102),
(640, '86009-000', 'Rua Maranhão', 'Centro', 43, 102),
(641, '87000-000', 'Rua Paraná', 'Maringá', 44, 103),
(642, '87001-000', 'Rua Mato Grosso', 'Centro', 44, 103),
(643, '87002-000', 'Rua São Paulo', 'Centro', 44, 103),
(644, '87003-000', 'Rua Minas Gerais', 'Centro', 44, 103),
(645, '87004-000', 'Rua Santa Catarina', 'Centro', 44, 103),
(646, '87005-000', 'Rua Espírito Santo', 'Centro', 44, 103),
(647, '87006-000', 'Rua Rio de Janeiro', 'Centro', 44, 103),
(648, '87007-000', 'Rua Ceará', 'Centro', 44, 103),
(649, '87008-000', 'Rua Piauí', 'Centro', 44, 103),
(650, '87009-000', 'Rua Maranhão', 'Centro', 44, 103),
(651, '84000-000', 'Rua XV de Novembro', 'Ponta Grossa', 42, 104),
(652, '84001-000', 'Rua Marechal Deodoro', 'Centro', 42, 104),
(653, '84002-000', 'Rua 7 de Setembro', 'Centro', 42, 104),
(654, '84003-000', 'Rua Dom Pedro II', 'Centro', 42, 104),
(655, '84004-000', 'Rua Marechal Floriano', 'Centro', 42, 104),
(656, '84005-000', 'Rua Barão do Rio Branco', 'Centro', 42, 104),
(657, '84006-000', 'Rua Rio Branco', 'Centro', 42, 104),
(658, '84007-000', 'Rua XV de Maio', 'Centro', 42, 104),
(659, '84008-000', 'Rua Antonio Carlos', 'Centro', 42, 104),
(660, '84009-000', 'Rua Senador Pinheiro', 'Centro', 42, 104),
(661, '85800-000', 'Rua Paraná', 'Cascavel', 45, 105),
(662, '85801-000', 'Rua Mato Grosso', 'Centro', 45, 105),
(663, '85802-000', 'Rua São Paulo', 'Centro', 45, 105),
(664, '85803-000', 'Rua Minas Gerais', 'Centro', 45, 105),
(665, '85804-000', 'Rua Santa Catarina', 'Centro', 45, 105),
(666, '85805-000', 'Rua Espírito Santo', 'Centro', 45, 105),
(667, '85806-000', 'Rua Rio de Janeiro', 'Centro', 45, 105),
(668, '85807-000', 'Rua Ceará', 'Centro', 45, 105),
(669, '85808-000', 'Rua Piauí', 'Centro', 45, 105),
(670, '85809-000', 'Rua Maranhão', 'Centro', 45, 105),
(671, '88000-000', 'Rua Felipe Schmidt', 'Florianópolis', 48, 106),
(672, '88001-000', 'Rua XV de Novembro', 'Centro', 48, 106),
(673, '88002-000', 'Rua Marechal Deodoro', 'Centro', 48, 106),
(674, '88003-000', 'Rua 7 de Setembro', 'Centro', 48, 106),
(675, '88004-000', 'Rua Dom Pedro II', 'Centro', 48, 106),
(676, '88005-000', 'Rua Marechal Floriano', 'Centro', 48, 106),
(677, '88006-000', 'Rua Barão do Rio Branco', 'Centro', 48, 106),
(678, '88007-000', 'Rua Rio Branco', 'Centro', 48, 106),
(679, '88008-000', 'Rua XV de Maio', 'Centro', 48, 106),
(680, '88009-000', 'Rua Antonio Carlos', 'Centro', 48, 106),
(681, '89200-000', 'Rua das Palmeiras', 'Joinville', 47, 107),
(682, '89201-000', 'Rua das Acácias', 'Centro', 47, 107),
(683, '89202-000', 'Rua dos Jacarandás', 'Centro', 47, 107),
(684, '89203-000', 'Rua das Orquídeas', 'Centro', 47, 107),
(685, '89204-000', 'Rua das Flores', 'Centro', 47, 107),
(686, '89205-000', 'Rua dos Ipês', 'Centro', 47, 107),
(687, '89206-000', 'Rua Araucárias', 'Centro', 47, 107),
(688, '89207-000', 'Rua das Figueiras', 'Centro', 47, 107),
(689, '89208-000', 'Rua Acácias', 'Centro', 47, 107),
(690, '89209-000', 'Rua das Amendoeiras', 'Centro', 47, 107),
(691, '89000-000', 'Rua das Palmeiras', 'Blumenau', 47, 108),
(692, '89001-000', 'Rua das Acácias', 'Centro', 47, 108),
(693, '89002-000', 'Rua dos Jacarandás', 'Centro', 47, 108),
(694, '89003-000', 'Rua das Orquídeas', 'Centro', 47, 108),
(695, '89004-000', 'Rua das Flores', 'Centro', 47, 108),
(696, '89005-000', 'Rua dos Ipês', 'Centro', 47, 108),
(697, '89006-000', 'Rua Araucárias', 'Centro', 47, 108),
(698, '89007-000', 'Rua das Figueiras', 'Centro', 47, 108),
(699, '89008-000', 'Rua Acácias', 'Centro', 47, 108),
(700, '89009-000', 'Rua das Amendoeiras', 'Centro', 47, 108),
(701, '88100-000', 'Rua São José', 'São José', 48, 109),
(702, '88101-000', 'Rua XV de Novembro', 'Centro', 48, 109),
(703, '88102-000', 'Rua Marechal Deodoro', 'Centro', 48, 109),
(704, '88103-000', 'Rua 7 de Setembro', 'Centro', 48, 109),
(705, '88104-000', 'Rua Dom Pedro II', 'Centro', 48, 109),
(706, '88105-000', 'Rua Marechal Floriano', 'Centro', 48, 109),
(707, '88106-000', 'Rua Barão do Rio Branco', 'Centro', 48, 109),
(708, '88107-000', 'Rua Rio Branco', 'Centro', 48, 109),
(709, '88108-000', 'Rua XV de Maio', 'Centro', 48, 109),
(710, '88109-000', 'Rua Antonio Carlos', 'Centro', 48, 109),
(711, '89800-000', 'Rua XV de Novembro', 'Chapecó', 48, 110),
(712, '89801-000', 'Rua Marechal Deodoro', 'Centro', 48, 110),
(713, '89802-000', 'Rua 7 de Setembro', 'Centro', 48, 110),
(714, '89803-000', 'Rua Dom Pedro II', 'Centro', 48, 110),
(715, '89804-000', 'Rua Marechal Floriano', 'Centro', 48, 110),
(716, '89805-000', 'Rua Barão do Rio Branco', 'Centro', 48, 110),
(717, '89806-000', 'Rua Rio Branco', 'Centro', 48, 110),
(718, '89807-000', 'Rua XV de Maio', 'Centro', 48, 110),
(719, '89808-000', 'Rua Antonio Carlos', 'Centro', 48, 110),
(720, '89809-000', 'Rua Senador Pinheiro', 'Centro', 48, 110),
(721, '90000-000', 'Rua da Praia', 'Porto Alegre', 51, 111),
(722, '90001-000', 'Rua dos Andradas', 'Centro', 51, 111),
(723, '90002-000', 'Rua dos Pinheiros', 'Centro', 51, 111),
(724, '90003-000', 'Rua da Conceição', 'Centro', 51, 111),
(725, '90004-000', 'Rua Dom Pedro II', 'Centro', 51, 111),
(726, '90005-000', 'Rua Marechal Floriano', 'Centro', 51, 111),
(727, '90006-000', 'Rua XV de Novembro', 'Centro', 51, 111),
(728, '90007-000', 'Rua Primeiro de Maio', 'Centro', 51, 111),
(729, '90008-000', 'Rua Rio Branco', 'Centro', 51, 111),
(730, '90009-000', 'Rua Barão do Rio Branco', 'Centro', 51, 111),
(731, '95000-000', 'Rua Sinimbu', 'Caxias do Sul', 54, 112),
(732, '95001-000', 'Rua General Osório', 'Centro', 54, 112),
(733, '95002-000', 'Rua Marechal Floriano', 'Centro', 54, 112),
(734, '95003-000', 'Rua XV de Novembro', 'Centro', 54, 112),
(735, '95004-000', 'Rua Dom Pedro II', 'Centro', 54, 112),
(736, '95005-000', 'Rua Barão do Rio Branco', 'Centro', 54, 112),
(737, '95006-000', 'Rua Rio Branco', 'Centro', 54, 112),
(738, '95007-000', 'Rua XV de Maio', 'Centro', 54, 112),
(739, '95008-000', 'Rua Antonio Carlos', 'Centro', 54, 112),
(740, '95009-000', 'Rua Senador Pinheiro', 'Centro', 54, 112),
(741, '92000-000', 'Rua dos Andradas', 'Canoas', 51, 113),
(742, '92001-000', 'Rua Marechal Floriano', 'Centro', 51, 113),
(743, '92002-000', 'Rua XV de Novembro', 'Centro', 51, 113),
(744, '92003-000', 'Rua Dom Pedro II', 'Centro', 51, 113),
(745, '92004-000', 'Rua Barão do Rio Branco', 'Centro', 51, 113),
(746, '92005-000', 'Rua Rio Branco', 'Centro', 51, 113),
(747, '92006-000', 'Rua XV de Maio', 'Centro', 51, 113),
(748, '92007-000', 'Rua Antonio Carlos', 'Centro', 51, 113),
(749, '92008-000', 'Rua Senador Pinheiro', 'Centro', 51, 113),
(750, '92009-000', 'Rua Primeiro de Maio', 'Centro', 51, 113),
(751, '96000-000', 'Rua Marechal Floriano', 'Pelotas', 53, 114),
(752, '96001-000', 'Rua XV de Novembro', 'Centro', 53, 114),
(753, '96002-000', 'Rua Dom Pedro II', 'Centro', 53, 114),
(754, '96003-000', 'Rua Barão do Rio Branco', 'Centro', 53, 114),
(755, '96004-000', 'Rua Rio Branco', 'Centro', 53, 114),
(756, '96005-000', 'Rua XV de Maio', 'Centro', 53, 114),
(757, '96006-000', 'Rua Antonio Carlos', 'Centro', 53, 114),
(758, '96007-000', 'Rua Senador Pinheiro', 'Centro', 53, 114),
(759, '96008-000', 'Rua Primeiro de Maio', 'Centro', 53, 114),
(760, '96009-000', 'Rua Sete de Setembro', 'Centro', 53, 114),
(761, '97000-000', 'Rua dos Andradas', 'Santa Maria', 53, 115),
(762, '97001-000', 'Rua Marechal Floriano', 'Centro', 53, 115),
(763, '97002-000', 'Rua XV de Novembro', 'Centro', 53, 115),
(764, '97003-000', 'Rua Dom Pedro II', 'Centro', 53, 115),
(765, '97004-000', 'Rua Barão do Rio Branco', 'Centro', 53, 115),
(766, '97005-000', 'Rua Rio Branco', 'Centro', 53, 115),
(767, '97006-000', 'Rua XV de Maio', 'Centro', 53, 115),
(768, '97007-000', 'Rua Antonio Carlos', 'Centro', 53, 115),
(769, '97008-000', 'Rua Senador Pinheiro', 'Centro', 53, 115),
(770, '97009-000', 'Rua Primeiro de Maio', 'Centro', 53, 115),
(771, '79000-000', 'Rua Marechal Rondon', 'Campo Grande', 67, 116),
(772, '79001-000', 'Rua Dom Pedro II', 'Centro', 67, 116),
(773, '79002-000', 'Rua XV de Novembro', 'Centro', 67, 116),
(774, '79003-000', 'Rua Rio Branco', 'Centro', 67, 116),
(775, '79004-000', 'Rua Barão do Rio Branco', 'Centro', 67, 116),
(776, '79005-000', 'Rua Marechal Floriano', 'Centro', 67, 116),
(777, '79006-000', 'Rua Antonio Carlos', 'Centro', 67, 116),
(778, '79007-000', 'Rua Senador Pinheiro', 'Centro', 67, 116),
(779, '79008-000', 'Rua Primeiro de Maio', 'Centro', 67, 116),
(780, '79009-000', 'Rua Sete de Setembro', 'Centro', 67, 116),
(781, '79800-000', 'Rua Brasil', 'Dourados', 67, 117),
(782, '79801-000', 'Rua Mato Grosso', 'Centro', 67, 117),
(783, '79802-000', 'Rua São Paulo', 'Centro', 67, 117),
(784, '79803-000', 'Rua Minas Gerais', 'Centro', 67, 117),
(785, '79804-000', 'Rua Santa Catarina', 'Centro', 67, 117),
(786, '79805-000', 'Rua Espírito Santo', 'Centro', 67, 117),
(787, '79806-000', 'Rua Rio de Janeiro', 'Centro', 67, 117),
(788, '79807-000', 'Rua Ceará', 'Centro', 67, 117),
(789, '79808-000', 'Rua Piauí', 'Centro', 67, 117),
(790, '79809-000', 'Rua Maranhão', 'Centro', 67, 117),
(791, '79600-000', 'Rua Mato Grosso', 'Três Lagoas', 67, 118),
(792, '79601-000', 'Rua São Paulo', 'Centro', 67, 118),
(793, '79602-000', 'Rua Minas Gerais', 'Centro', 67, 118),
(794, '79603-000', 'Rua Santa Catarina', 'Centro', 67, 118),
(795, '79604-000', 'Rua Espírito Santo', 'Centro', 67, 118),
(796, '79605-000', 'Rua Rio de Janeiro', 'Centro', 67, 118),
(797, '79606-000', 'Rua Ceará', 'Centro', 67, 118),
(798, '79607-000', 'Rua Piauí', 'Centro', 67, 118),
(799, '79608-000', 'Rua Maranhão', 'Centro', 67, 118),
(800, '79609-000', 'Rua Paraná', 'Centro', 67, 118),
(801, '78000-000', 'Rua Marechal Rondon', 'Cuiabá', 65, 121),
(802, '78001-000', 'Rua Dom Pedro II', 'Centro', 65, 121),
(803, '78002-000', 'Rua XV de Novembro', 'Centro', 65, 121),
(804, '78003-000', 'Rua Rio Branco', 'Centro', 65, 121),
(805, '78004-000', 'Rua Barão do Rio Branco', 'Centro', 65, 121),
(806, '78005-000', 'Rua Marechal Floriano', 'Centro', 65, 121),
(807, '78006-000', 'Rua Antonio Carlos', 'Centro', 65, 121),
(808, '78007-000', 'Rua Senador Pinheiro', 'Centro', 65, 121),
(809, '78008-000', 'Rua Primeiro de Maio', 'Centro', 65, 121),
(810, '78009-000', 'Rua Sete de Setembro', 'Centro', 65, 121),
(811, '78100-000', 'Rua Goiás', 'Várzea Grande', 65, 122),
(812, '78101-000', 'Rua Mato Grosso', 'Centro', 65, 122),
(813, '78102-000', 'Rua São Paulo', 'Centro', 65, 122),
(814, '78103-000', 'Rua Minas Gerais', 'Centro', 65, 122),
(815, '78104-000', 'Rua Santa Catarina', 'Centro', 65, 122),
(816, '78105-000', 'Rua Espírito Santo', 'Centro', 65, 122),
(817, '78106-000', 'Rua Rio de Janeiro', 'Centro', 65, 122),
(818, '78107-000', 'Rua Ceará', 'Centro', 65, 122),
(819, '78108-000', 'Rua Piauí', 'Centro', 65, 122),
(820, '78109-000', 'Rua Maranhão', 'Centro', 65, 122),
(821, '78700-000', 'Rua Mato Grosso', 'Rondonópolis', 65, 123),
(822, '78701-000', 'Rua São Paulo', 'Centro', 65, 123),
(823, '78702-000', 'Rua Minas Gerais', 'Centro', 65, 123),
(824, '78703-000', 'Rua Santa Catarina', 'Centro', 65, 123),
(825, '78704-000', 'Rua Espírito Santo', 'Centro', 65, 123),
(826, '78705-000', 'Rua Rio de Janeiro', 'Centro', 65, 123),
(827, '78706-000', 'Rua Ceará', 'Centro', 65, 123),
(828, '78707-000', 'Rua Piauí', 'Centro', 65, 123),
(829, '78708-000', 'Rua Maranhão', 'Centro', 65, 123),
(830, '78709-000', 'Rua Paraná', 'Centro', 65, 123),
(831, '78500-000', 'Rua Mato Grosso', 'Sinop', 65, 124),
(832, '78501-000', 'Rua São Paulo', 'Centro', 65, 124),
(833, '78502-000', 'Rua Minas Gerais', 'Centro', 65, 124),
(834, '78503-000', 'Rua Santa Catarina', 'Centro', 65, 124),
(835, '78504-000', 'Rua Espírito Santo', 'Centro', 65, 124),
(836, '78505-000', 'Rua Rio de Janeiro', 'Centro', 65, 124),
(837, '78506-000', 'Rua Ceará', 'Centro', 65, 124),
(838, '78507-000', 'Rua Piauí', 'Centro', 65, 124),
(839, '78508-000', 'Rua Maranhão', 'Centro', 65, 124),
(840, '78509-000', 'Rua Paraná', 'Centro', 65, 124),
(841, '78300-000', 'Rua Mato Grosso', 'Tangará da Serra', 65, 125),
(842, '78301-000', 'Rua São Paulo', 'Centro', 65, 125),
(843, '78302-000', 'Rua Minas Gerais', 'Centro', 65, 125),
(844, '78303-000', 'Rua Santa Catarina', 'Centro', 65, 125),
(845, '78304-000', 'Rua Espírito Santo', 'Centro', 65, 125),
(846, '78305-000', 'Rua Rio de Janeiro', 'Centro', 65, 125),
(847, '78306-000', 'Rua Ceará', 'Centro', 65, 125),
(848, '78307-000', 'Rua Piauí', 'Centro', 65, 125),
(849, '78308-000', 'Rua Maranhão', 'Centro', 65, 125),
(850, '78309-000', 'Rua Paraná', 'Centro', 65, 125),
(851, '74000-000', 'Rua Goiás', 'Goiânia', 62, 126),
(852, '74001-000', 'Rua Mato Grosso', 'Centro', 62, 126),
(853, '74002-000', 'Rua São Paulo', 'Centro', 62, 126),
(854, '74003-000', 'Rua Minas Gerais', 'Centro', 62, 126),
(855, '74004-000', 'Rua Santa Catarina', 'Centro', 62, 126),
(856, '74005-000', 'Rua Espírito Santo', 'Centro', 62, 126),
(857, '74006-000', 'Rua Rio de Janeiro', 'Centro', 62, 126),
(858, '74007-000', 'Rua Ceará', 'Centro', 62, 126),
(859, '74008-000', 'Rua Piauí', 'Centro', 62, 126),
(860, '74009-000', 'Rua Maranhão', 'Centro', 62, 126),
(861, '74900-000', 'Rua Goiás', 'Aparecida de Goiânia', 62, 127),
(862, '74901-000', 'Rua Mato Grosso', 'Centro', 62, 127),
(863, '74902-000', 'Rua São Paulo', 'Centro', 62, 127),
(864, '74903-000', 'Rua Minas Gerais', 'Centro', 62, 127),
(865, '74904-000', 'Rua Santa Catarina', 'Centro', 62, 127),
(866, '74905-000', 'Rua Espírito Santo', 'Centro', 62, 127),
(867, '74906-000', 'Rua Rio de Janeiro', 'Centro', 62, 127),
(868, '74907-000', 'Rua Ceará', 'Centro', 62, 127),
(869, '74908-000', 'Rua Piauí', 'Centro', 62, 127),
(870, '74909-000', 'Rua Maranhão', 'Centro', 62, 127),
(871, '75000-000', 'Rua Goiás', 'Anápolis', 62, 128),
(872, '75001-000', 'Rua Mato Grosso', 'Centro', 62, 128),
(873, '75002-000', 'Rua São Paulo', 'Centro', 62, 128),
(874, '75003-000', 'Rua Minas Gerais', 'Centro', 62, 128),
(875, '75004-000', 'Rua Santa Catarina', 'Centro', 62, 128),
(876, '75005-000', 'Rua Espírito Santo', 'Centro', 62, 128),
(877, '75006-000', 'Rua Rio de Janeiro', 'Centro', 62, 128),
(878, '75007-000', 'Rua Ceará', 'Centro', 62, 128);
INSERT INTO `cep` (`id_cep`, `cep`, `logradouro`, `bairro`, `ddd`, `id_cidade`) VALUES
(879, '75008-000', 'Rua Piauí', 'Centro', 62, 128),
(880, '75009-000', 'Rua Maranhão', 'Centro', 62, 128),
(881, '75900-000', 'Rua Goiás', 'Rio Verde', 62, 129),
(882, '75901-000', 'Rua Mato Grosso', 'Centro', 62, 129),
(883, '75902-000', 'Rua São Paulo', 'Centro', 62, 129),
(884, '75903-000', 'Rua Minas Gerais', 'Centro', 62, 129),
(885, '75904-000', 'Rua Santa Catarina', 'Centro', 62, 129),
(886, '75905-000', 'Rua Espírito Santo', 'Centro', 62, 129),
(887, '75906-000', 'Rua Rio de Janeiro', 'Centro', 62, 129),
(888, '75907-000', 'Rua Ceará', 'Centro', 62, 129),
(889, '75908-000', 'Rua Piauí', 'Centro', 62, 129),
(890, '75909-000', 'Rua Maranhão', 'Centro', 62, 129),
(891, '72900-000', 'Rua Goiás', 'Águas Lindas de Goiás', 62, 130),
(892, '72901-000', 'Rua Mato Grosso', 'Centro', 62, 130),
(893, '72902-000', 'Rua São Paulo', 'Centro', 62, 130),
(894, '72903-000', 'Rua Minas Gerais', 'Centro', 62, 130),
(895, '72904-000', 'Rua Santa Catarina', 'Centro', 62, 130),
(896, '72905-000', 'Rua Espírito Santo', 'Centro', 62, 130),
(897, '72906-000', 'Rua Rio de Janeiro', 'Centro', 62, 130),
(898, '72907-000', 'Rua Ceará', 'Centro', 62, 130),
(899, '72908-000', 'Rua Piauí', 'Centro', 62, 130),
(900, '72909-000', 'Rua Maranhão', 'Centro', 62, 130),
(901, '70000-000', 'Rua da Guia', 'Brasília', 61, 131),
(902, '70001-000', 'Rua dos Estados', 'Centro', 61, 131),
(903, '70002-000', 'Rua das Nações', 'Centro', 61, 131),
(904, '70003-000', 'Rua do Comércio', 'Centro', 61, 131),
(905, '70004-000', 'Rua dos Alpes', 'Centro', 61, 131),
(906, '70005-000', 'Rua América', 'Centro', 61, 131),
(907, '70006-000', 'Rua das Flores', 'Centro', 61, 131),
(908, '70007-000', 'Rua Primeiro de Maio', 'Centro', 61, 131),
(909, '70008-000', 'Rua Dom Pedro II', 'Centro', 61, 131),
(910, '70009-000', 'Rua Marechal Floriano', 'Centro', 61, 131),
(911, '70010-000', 'Rua da Liberdade', 'Brasília', 61, 131),
(912, '70011-000', 'Rua Marechal Deodoro', 'Centro', 61, 131),
(913, '70012-000', 'Rua XV de Novembro', 'Centro', 61, 131),
(914, '70013-000', 'Rua Barão do Rio Branco', 'Centro', 61, 131),
(915, '70014-000', 'Rua Rio Branco', 'Centro', 61, 131),
(916, '70015-000', 'Rua Antonio Carlos', 'Centro', 61, 131),
(917, '70016-000', 'Rua Senador Pinheiro', 'Centro', 61, 131),
(918, '70017-000', 'Rua Paraná', 'Centro', 61, 131),
(919, '70018-000', 'Rua Santa Catarina', 'Centro', 61, 131),
(920, '70019-000', 'Rua Espírito Santo', 'Centro', 61, 131),
(921, '70020-000', 'Rua Maranhão', 'Brasília', 61, 131),
(922, '70021-000', 'Rua Piauí', 'Centro', 61, 131),
(923, '70022-000', 'Rua Ceará', 'Centro', 61, 131),
(924, '70023-000', 'Rua Pará', 'Centro', 61, 131),
(925, '70024-000', 'Rua Amazonas', 'Centro', 61, 131),
(926, '70025-000', 'Rua Acre', 'Centro', 61, 131),
(927, '70026-000', 'Rua Rondônia', 'Centro', 61, 131),
(928, '70027-000', 'Rua Tocantins', 'Centro', 61, 131),
(929, '70028-000', 'Rua Roraima', 'Centro', 61, 131),
(930, '70029-000', 'Rua Amapá', 'Centro', 61, 131),
(931, '70030-000', 'Rua Paraná', 'Brasília', 61, 131),
(932, '70031-000', 'Rua São Paulo', 'Centro', 61, 131),
(933, '70032-000', 'Rua Rio de Janeiro', 'Centro', 61, 131),
(934, '70033-000', 'Rua Minas Gerais', 'Centro', 61, 131),
(935, '70034-000', 'Rua Espírito Santo', 'Centro', 61, 131),
(936, '70035-000', 'Rua Santa Catarina', 'Centro', 61, 131),
(937, '70036-000', 'Rua Rio Grande do Sul', 'Centro', 61, 131),
(938, '70037-000', 'Rua Bahia', 'Centro', 61, 131),
(939, '70038-000', 'Rua Goiás', 'Centro', 61, 131),
(940, '70039-000', 'Rua Mato Grosso', 'Centro', 61, 131),
(941, '70040-000', 'Rua Amazonas', 'Brasília', 61, 131),
(942, '70041-000', 'Rua Pará', 'Centro', 61, 131),
(943, '70042-000', 'Rua Acre', 'Centro', 61, 131),
(944, '70043-000', 'Rua Rondônia', 'Centro', 61, 131),
(945, '70044-000', 'Rua Tocantins', 'Centro', 61, 131),
(946, '70045-000', 'Rua Roraima', 'Centro', 61, 131),
(947, '70046-000', 'Rua Amapá', 'Centro', 61, 131),
(948, '70047-000', 'Rua Maranhão', 'Centro', 61, 131),
(949, '70048-000', 'Rua Piauí', 'Centro', 61, 131),
(950, '70049-000', 'Rua Ceará', 'Centro', 61, 131),
(951, '70050-000', 'Rua Pará', 'Brasília', 61, 131),
(952, '70051-000', 'Rua Amazonas', 'Centro', 61, 131),
(953, '70052-000', 'Rua Acre', 'Centro', 61, 131),
(954, '70053-000', 'Rua Rondônia', 'Centro', 61, 131),
(955, '70054-000', 'Rua Tocantins', 'Centro', 61, 131),
(956, '70055-000', 'Rua Roraima', 'Centro', 61, 131),
(957, '70056-000', 'Rua Amapá', 'Centro', 61, 131),
(958, '70057-000', 'Rua Maranhão', 'Centro', 61, 131),
(959, '70058-000', 'Rua Piauí', 'Centro', 61, 131),
(960, '70059-000', 'Rua Ceará', 'Centro', 61, 131),
(961, '70060-000', 'Rua São Paulo', 'Brasília', 61, 131),
(962, '70061-000', 'Rua Rio de Janeiro', 'Centro', 61, 131),
(963, '70062-000', 'Rua Minas Gerais', 'Centro', 61, 131),
(964, '70063-000', 'Rua Espírito Santo', 'Centro', 61, 131),
(965, '70064-000', 'Rua Santa Catarina', 'Centro', 61, 131),
(966, '70065-000', 'Rua Rio Grande do Sul', 'Centro', 61, 131),
(967, '70066-000', 'Rua Bahia', 'Centro', 61, 131),
(968, '70067-000', 'Rua Goiás', 'Centro', 61, 131),
(969, '70068-000', 'Rua Mato Grosso', 'Centro', 61, 131),
(970, '70069-000', 'Rua Amazonas', 'Centro', 61, 131),
(971, '70070-000', 'Rua Pará', 'Brasília', 61, 131),
(972, '70071-000', 'Rua Acre', 'Centro', 61, 131),
(973, '70072-000', 'Rua Rondônia', 'Centro', 61, 131),
(974, '70073-000', 'Rua Tocantins', 'Centro', 61, 131),
(975, '70074-000', 'Rua Roraima', 'Centro', 61, 131),
(976, '70075-000', 'Rua Amapá', 'Centro', 61, 131),
(977, '70076-000', 'Rua Maranhão', 'Centro', 61, 131),
(978, '70077-000', 'Rua Piauí', 'Centro', 61, 131),
(979, '70078-000', 'Rua Ceará', 'Centro', 61, 131),
(980, '70079-000', 'Rua Pará', 'Centro', 61, 131),
(981, '70080-000', 'Rua Amazonas', 'Brasília', 61, 131),
(982, '70081-000', 'Rua Acre', 'Centro', 61, 131),
(983, '70082-000', 'Rua Rondônia', 'Centro', 61, 131),
(984, '70083-000', 'Rua Tocantins', 'Centro', 61, 131),
(985, '70084-000', 'Rua Roraima', 'Centro', 61, 131),
(986, '70085-000', 'Rua Amapá', 'Centro', 61, 131),
(987, '70086-000', 'Rua Maranhão', 'Centro', 61, 131),
(988, '70087-000', 'Rua Piauí', 'Centro', 61, 131),
(989, '70088-000', 'Rua Ceará', 'Centro', 61, 131),
(990, '70089-000', 'Rua Pará', 'Centro', 61, 131),
(991, '70090-000', 'Rua Amazonas', 'Brasília', 61, 131),
(992, '70091-000', 'Rua Acre', 'Centro', 61, 131),
(993, '70092-000', 'Rua Rondônia', 'Centro', 61, 131),
(994, '70093-000', 'Rua Tocantins', 'Centro', 61, 131),
(995, '70094-000', 'Rua Roraima', 'Centro', 61, 131),
(996, '70095-000', 'Rua Amapá', 'Centro', 61, 131),
(997, '70096-000', 'Rua Maranhão', 'Centro', 61, 131),
(998, '70097-000', 'Rua Piauí', 'Centro', 61, 131),
(999, '70098-000', 'Rua Ceará', 'Centro', 61, 131),
(1000, '70099-000', 'Rua Pará', 'Centro', 61, 131),
(1001, '70000-100', 'Rua das Flores', 'Brasília', 61, 131),
(1002, '70000-101', 'Rua dos Jasmins', 'Centro', 61, 131),
(1003, '70000-102', 'Rua Primavera', 'Centro', 61, 131),
(1004, '70000-103', 'Rua das Palmeiras', 'Centro', 61, 131),
(1005, '70000-104', 'Rua dos Pinheiros', 'Centro', 61, 131),
(1006, '70000-105', 'Rua dos Girassóis', 'Centro', 61, 131),
(1007, '70000-106', 'Rua das Acácias', 'Centro', 61, 131),
(1008, '70000-107', 'Rua das Orquídeas', 'Centro', 61, 131),
(1009, '70000-108', 'Rua das Margaridas', 'Centro', 61, 131),
(1010, '70000-109', 'Rua das Violetas', 'Centro', 61, 131),
(1011, '70000-110', 'Rua das Laranjeiras', 'Brasília', 61, 131),
(1012, '70000-111', 'Rua das Cerejeiras', 'Centro', 61, 131),
(1013, '70000-112', 'Rua das Mangueiras', 'Centro', 61, 131),
(1014, '70000-113', 'Rua das Aroeiras', 'Centro', 61, 131),
(1015, '70000-114', 'Rua dos Jacarandás', 'Centro', 61, 131),
(1016, '70000-115', 'Rua das Palmeiras Reais', 'Centro', 61, 131),
(1017, '70000-116', 'Rua dos Ipês', 'Centro', 61, 131),
(1018, '70000-117', 'Rua das Acácias Reais', 'Centro', 61, 131),
(1019, '70000-118', 'Rua das Orquídeas Reais', 'Centro', 61, 131),
(1020, '70000-119', 'Rua das Margaridas Reais', 'Centro', 61, 131),
(1021, '70000-120', 'Rua das Violetas Reais', 'Brasília', 61, 131),
(1022, '70000-121', 'Rua das Laranjeiras Reais', 'Centro', 61, 131),
(1023, '70000-122', 'Rua das Cerejeiras Reais', 'Centro', 61, 131),
(1024, '70000-123', 'Rua das Mangueiras Reais', 'Centro', 61, 131),
(1025, '70000-124', 'Rua das Aroeiras Reais', 'Centro', 61, 131),
(1026, '70000-125', 'Rua dos Jacarandás Reais', 'Centro', 61, 131),
(1027, '70000-126', 'Rua das Palmeiras Reais II', 'Centro', 61, 131),
(1028, '70000-127', 'Rua dos Ipês Reais', 'Centro', 61, 131),
(1029, '70000-128', 'Rua das Acácias Reais II', 'Centro', 61, 131),
(1030, '70000-129', 'Rua das Orquídeas Reais II', 'Centro', 61, 131),
(1031, '70000-130', 'Rua das Margaridas Reais II', 'Brasília', 61, 131),
(1032, '70000-131', 'Rua das Violetas Reais II', 'Centro', 61, 131),
(1033, '70000-132', 'Rua das Laranjeiras Reais II', 'Centro', 61, 131),
(1034, '70000-133', 'Rua das Cerejeiras Reais II', 'Centro', 61, 131),
(1035, '70000-134', 'Rua das Mangueiras Reais II', 'Centro', 61, 131),
(1036, '70000-135', 'Rua das Aroeiras Reais II', 'Centro', 61, 131),
(1037, '70000-136', 'Rua dos Jacarandás Reais II', 'Centro', 61, 131),
(1038, '70000-137', 'Rua das Palmeiras Reais III', 'Centro', 61, 131),
(1039, '70000-138', 'Rua dos Ipês Reais II', 'Centro', 61, 131),
(1040, '70000-139', 'Rua das Acácias Reais III', 'Centro', 61, 131),
(1041, '70000-140', 'Rua das Orquídeas Reais III', 'Brasília', 61, 131),
(1042, '70000-141', 'Rua das Margaridas Reais III', 'Centro', 61, 131),
(1043, '70000-142', 'Rua das Violetas Reais III', 'Centro', 61, 131),
(1044, '70000-143', 'Rua das Laranjeiras Reais III', 'Centro', 61, 131),
(1045, '70000-144', 'Rua das Cerejeiras Reais III', 'Centro', 61, 131),
(1046, '70000-145', 'Rua das Mangueiras Reais III', 'Centro', 61, 131),
(1047, '70000-146', 'Rua das Aroeiras Reais III', 'Centro', 61, 131),
(1048, '70000-147', 'Rua dos Jacarandás Reais III', 'Centro', 61, 131),
(1049, '70000-148', 'Rua das Palmeiras Reais IV', 'Centro', 61, 131),
(1050, '70000-149', 'Rua dos Ipês Reais III', 'Centro', 61, 131),
(1051, '70000-150', 'Rua das Acácias Reais IV', 'Brasília', 61, 131),
(1052, '70000-151', 'Rua das Orquídeas Reais IV', 'Centro', 61, 131),
(1053, '70000-152', 'Rua das Margaridas Reais IV', 'Centro', 61, 131),
(1054, '70000-153', 'Rua das Violetas Reais IV', 'Centro', 61, 131),
(1055, '70000-154', 'Rua das Laranjeiras Reais IV', 'Centro', 61, 131),
(1056, '70000-155', 'Rua das Cerejeiras Reais IV', 'Centro', 61, 131),
(1057, '70000-156', 'Rua das Mangueiras Reais IV', 'Centro', 61, 131),
(1058, '70000-157', 'Rua das Aroeiras Reais IV', 'Centro', 61, 131),
(1059, '70000-158', 'Rua dos Jacarandás Reais IV', 'Centro', 61, 131),
(1060, '70000-159', 'Rua das Palmeiras Reais V', 'Centro', 61, 131),
(1061, '70000-160', 'Rua dos Ipês Reais IV', 'Brasília', 61, 131),
(1062, '70000-161', 'Rua das Acácias Reais V', 'Centro', 61, 131),
(1063, '70000-162', 'Rua das Orquídeas Reais V', 'Centro', 61, 131),
(1064, '70000-163', 'Rua das Margaridas Reais V', 'Centro', 61, 131),
(1065, '70000-164', 'Rua das Violetas Reais V', 'Centro', 61, 131),
(1066, '70000-165', 'Rua das Laranjeiras Reais V', 'Centro', 61, 131),
(1067, '70000-166', 'Rua das Cerejeiras Reais V', 'Centro', 61, 131),
(1068, '70000-167', 'Rua das Mangueiras Reais V', 'Centro', 61, 131),
(1069, '70000-168', 'Rua das Aroeiras Reais V', 'Centro', 61, 131),
(1070, '70000-169', 'Rua dos Jacarandás Reais V', 'Centro', 61, 131),
(1071, '70000-170', 'Rua das Palmeiras Reais VI', 'Brasília', 61, 131),
(1072, '70000-171', 'Rua dos Ipês Reais V', 'Centro', 61, 131),
(1073, '70000-172', 'Rua das Acácias Reais VI', 'Centro', 61, 131),
(1074, '70000-173', 'Rua das Orquídeas Reais VI', 'Centro', 61, 131),
(1075, '70000-174', 'Rua das Margaridas Reais VI', 'Centro', 61, 131),
(1076, '70000-175', 'Rua das Violetas Reais VI', 'Centro', 61, 131),
(1077, '70000-176', 'Rua das Laranjeiras Reais VI', 'Centro', 61, 131),
(1078, '70000-177', 'Rua das Cerejeiras Reais VI', 'Centro', 61, 131),
(1079, '70000-178', 'Rua das Mangueiras Reais VI', 'Centro', 61, 131),
(1080, '70000-179', 'Rua das Aroeiras Reais VI', 'Centro', 61, 131),
(1081, '70000-180', 'Rua dos Jacarandás Reais VI', 'Centro', 61, 131),
(1082, '70000-181', 'Rua das Palmeiras Reais VII', 'Centro', 61, 131),
(1083, '70000-182', 'Rua dos Ipês Reais VI', 'Centro', 61, 131),
(1084, '70000-183', 'Rua das Acácias Reais VII', 'Centro', 61, 131),
(1085, '70000-184', 'Rua das Orquídeas Reais VII', 'Centro', 61, 131),
(1086, '70000-185', 'Rua das Margaridas Reais VII', 'Centro', 61, 131),
(1087, '70000-186', 'Rua das Violetas Reais VII', 'Centro', 61, 131),
(1088, '70000-187', 'Rua das Laranjeiras Reais VII', 'Centro', 61, 131),
(1089, '70000-188', 'Rua das Cerejeiras Reais VII', 'Centro', 61, 131),
(1090, '70000-189', 'Rua das Mangueiras Reais VII', 'Centro', 61, 131),
(1091, '70000-190', 'Rua das Aroeiras Reais VII', 'Centro', 61, 131),
(1092, '70000-191', 'Rua dos Jacarandás Reais VII', 'Centro', 61, 131),
(1093, '70000-192', 'Rua das Palmeiras Reais VIII', 'Centro', 61, 131),
(1094, '70000-193', 'Rua dos Ipês Reais VII', 'Centro', 61, 131),
(1095, '70000-194', 'Rua das Acácias Reais VIII', 'Centro', 61, 131),
(1096, '70000-195', 'Rua das Orquídeas Reais VIII', 'Centro', 61, 131),
(1097, '70000-196', 'Rua das Margaridas Reais VIII', 'Centro', 61, 131),
(1098, '70000-197', 'Rua das Violetas Reais VIII', 'Centro', 61, 131),
(1099, '70000-198', 'Rua das Laranjeiras Reais VIII', 'Centro', 61, 131),
(1100, '70000-199', 'Rua das Cerejeiras Reais VIII', 'Centro', 61, 131),
(1101, '70000-200', 'Rua das Mangueiras Reais VIII', 'Brasília', 61, 131),
(1102, '70000-201', 'Rua das Aroeiras Reais VIII', 'Centro', 61, 131),
(1103, '70000-202', 'Rua dos Jacarandás Reais VIII', 'Centro', 61, 131),
(1104, '70000-203', 'Rua das Palmeiras Reais IX', 'Centro', 61, 131),
(1105, '70000-204', 'Rua dos Ipês Reais VIII', 'Centro', 61, 131),
(1106, '70000-205', 'Rua das Acácias Reais IX', 'Centro', 61, 131),
(1107, '70000-206', 'Rua das Orquídeas Reais IX', 'Centro', 61, 131),
(1108, '70000-207', 'Rua das Margaridas Reais IX', 'Centro', 61, 131),
(1109, '70000-208', 'Rua das Violetas Reais IX', 'Centro', 61, 131),
(1110, '70000-209', 'Rua das Laranjeiras Reais IX', 'Centro', 61, 131),
(1111, '70000-210', 'Rua das Cerejeiras Reais IX', 'Brasília', 61, 131),
(1112, '70000-211', 'Rua das Mangueiras Reais IX', 'Centro', 61, 131),
(1113, '70000-212', 'Rua das Aroeiras Reais IX', 'Centro', 61, 131),
(1114, '70000-213', 'Rua dos Jacarandás Reais IX', 'Centro', 61, 131),
(1115, '70000-214', 'Rua das Palmeiras Reais X', 'Centro', 61, 131),
(1116, '70000-215', 'Rua dos Ipês Reais IX', 'Centro', 61, 131),
(1117, '70000-216', 'Rua das Acácias Reais X', 'Centro', 61, 131),
(1118, '70000-217', 'Rua das Orquídeas Reais X', 'Centro', 61, 131),
(1119, '70000-218', 'Rua das Margaridas Reais X', 'Centro', 61, 131),
(1120, '70000-219', 'Rua das Violetas Reais X', 'Centro', 61, 131),
(1121, '70000-220', 'Rua das Laranjeiras Reais X', 'Brasília', 61, 131),
(1122, '70000-221', 'Rua das Cerejeiras Reais X', 'Centro', 61, 131),
(1123, '70000-222', 'Rua das Mangueiras Reais X', 'Centro', 61, 131),
(1124, '70000-223', 'Rua das Aroeiras Reais X', 'Centro', 61, 131),
(1125, '70000-224', 'Rua dos Jacarandás Reais X', 'Centro', 61, 131),
(1126, '70000-225', 'Rua das Palmeiras Reais XI', 'Centro', 61, 131),
(1127, '70000-226', 'Rua dos Ipês Reais X', 'Centro', 61, 131),
(1128, '70000-227', 'Rua das Acácias Reais XI', 'Centro', 61, 131),
(1129, '70000-228', 'Rua das Orquídeas Reais XI', 'Centro', 61, 131),
(1130, '70000-229', 'Rua das Margaridas Reais XI', 'Centro', 61, 131),
(1131, '70000-230', 'Rua das Violetas Reais XI', 'Brasília', 61, 131),
(1132, '70000-231', 'Rua das Laranjeiras Reais XI', 'Centro', 61, 131),
(1133, '70000-232', 'Rua das Cerejeiras Reais XI', 'Centro', 61, 131),
(1134, '70000-233', 'Rua das Mangueiras Reais XI', 'Centro', 61, 131),
(1135, '70000-234', 'Rua das Aroeiras Reais XI', 'Centro', 61, 131),
(1136, '70000-235', 'Rua dos Jacarandás Reais XI', 'Centro', 61, 131),
(1137, '70000-236', 'Rua das Palmeiras Reais XII', 'Centro', 61, 131),
(1138, '70000-237', 'Rua dos Ipês Reais XI', 'Centro', 61, 131),
(1139, '70000-238', 'Rua das Acácias Reais XII', 'Centro', 61, 131),
(1140, '70000-239', 'Rua das Orquídeas Reais XII', 'Centro', 61, 131),
(1141, '70000-240', 'Rua das Margaridas Reais XII', 'Brasília', 61, 131),
(1142, '70000-241', 'Rua das Violetas Reais XII', 'Centro', 61, 131),
(1143, '70000-242', 'Rua das Laranjeiras Reais XII', 'Centro', 61, 131),
(1144, '70000-243', 'Rua das Cerejeiras Reais XII', 'Centro', 61, 131),
(1145, '70000-244', 'Rua das Mangueiras Reais XII', 'Centro', 61, 131),
(1146, '70000-245', 'Rua das Aroeiras Reais XII', 'Centro', 61, 131),
(1147, '70000-246', 'Rua dos Jacarandás Reais XII', 'Centro', 61, 131),
(1148, '70000-247', 'Rua das Palmeiras Reais XIII', 'Centro', 61, 131),
(1149, '70000-248', 'Rua dos Ipês Reais XII', 'Centro', 61, 131),
(1150, '70000-249', 'Rua das Acácias Reais XIII', 'Centro', 61, 131),
(1151, '70000-250', 'Rua das Orquídeas Reais XIII', 'Brasília', 61, 131),
(1152, '70000-251', 'Rua das Margaridas Reais XIII', 'Centro', 61, 131),
(1153, '70000-252', 'Rua das Violetas Reais XIII', 'Centro', 61, 131),
(1154, '70000-253', 'Rua das Laranjeiras Reais XIII', 'Centro', 61, 131),
(1155, '70000-254', 'Rua das Cerejeiras Reais XIII', 'Centro', 61, 131),
(1156, '70000-255', 'Rua das Mangueiras Reais XIII', 'Centro', 61, 131),
(1157, '70000-256', 'Rua das Aroeiras Reais XIII', 'Centro', 61, 131),
(1158, '70000-257', 'Rua dos Jacarandás Reais XIII', 'Centro', 61, 131),
(1159, '70000-258', 'Rua das Palmeiras Reais XIV', 'Centro', 61, 131),
(1160, '70000-259', 'Rua dos Ipês Reais XIII', 'Centro', 61, 131),
(1161, '70000-260', 'Rua das Acácias Reais XIV', 'Brasília', 61, 131),
(1162, '70000-261', 'Rua das Orquídeas Reais XIV', 'Centro', 61, 131),
(1163, '70000-262', 'Rua das Margaridas Reais XIV', 'Centro', 61, 131),
(1164, '70000-263', 'Rua das Violetas Reais XIV', 'Centro', 61, 131),
(1165, '70000-264', 'Rua das Laranjeiras Reais XIV', 'Centro', 61, 131),
(1166, '70000-265', 'Rua das Cerejeiras Reais XIV', 'Centro', 61, 131),
(1167, '70000-266', 'Rua das Mangueiras Reais XIV', 'Centro', 61, 131),
(1168, '70000-267', 'Rua das Aroeiras Reais XIV', 'Centro', 61, 131),
(1169, '70000-268', 'Rua dos Jacarandás Reais XIV', 'Centro', 61, 131),
(1170, '70000-269', 'Rua das Palmeiras Reais XV', 'Centro', 61, 131),
(1171, '70000-270', 'Rua dos Ipês Reais XIV', 'Brasília', 61, 131),
(1172, '70000-271', 'Rua das Acácias Reais XV', 'Centro', 61, 131),
(1173, '70000-272', 'Rua das Orquídeas Reais XV', 'Centro', 61, 131),
(1174, '70000-273', 'Rua das Margaridas Reais XV', 'Centro', 61, 131),
(1175, '70000-274', 'Rua das Violetas Reais XV', 'Centro', 61, 131),
(1176, '70000-275', 'Rua das Laranjeiras Reais XV', 'Centro', 61, 131),
(1177, '70000-276', 'Rua das Cerejeiras Reais XV', 'Centro', 61, 131),
(1178, '70000-277', 'Rua das Mangueiras Reais XV', 'Centro', 61, 131),
(1179, '70000-278', 'Rua das Aroeiras Reais XV', 'Centro', 61, 131),
(1180, '70000-279', 'Rua dos Jacarandás Reais XV', 'Centro', 61, 131),
(1181, '70000-280', 'Rua das Palmeiras Reais XVI', 'Centro', 61, 131),
(1182, '70000-281', 'Rua dos Ipês Reais XV', 'Centro', 61, 131),
(1183, '70000-282', 'Rua das Acácias Reais XVI', 'Centro', 61, 131),
(1184, '70000-283', 'Rua das Orquídeas Reais XVI', 'Centro', 61, 131),
(1185, '70000-284', 'Rua das Margaridas Reais XVI', 'Centro', 61, 131),
(1186, '70000-285', 'Rua das Violetas Reais XVI', 'Centro', 61, 131),
(1187, '70000-286', 'Rua das Laranjeiras Reais XVI', 'Centro', 61, 131),
(1188, '70000-287', 'Rua das Cerejeiras Reais XVI', 'Centro', 61, 131),
(1189, '70000-288', 'Rua das Mangueiras Reais XVI', 'Centro', 61, 131),
(1190, '70000-289', 'Rua das Aroeiras Reais XVI', 'Centro', 61, 131),
(1191, '70000-290', 'Rua dos Jacarandás Reais XVI', 'Centro', 61, 131),
(1192, '70000-291', 'Rua das Palmeiras Reais XVII', 'Centro', 61, 131),
(1193, '70000-292', 'Rua dos Ipês Reais XVI', 'Centro', 61, 131),
(1194, '70000-293', 'Rua das Acácias Reais XVII', 'Centro', 61, 131),
(1195, '70000-294', 'Rua das Orquídeas Reais XVII', 'Centro', 61, 131),
(1196, '70000-295', 'Rua das Margaridas Reais XVII', 'Centro', 61, 131),
(1197, '70000-296', 'Rua das Violetas Reais XVII', 'Centro', 61, 131),
(1198, '70000-297', 'Rua das Laranjeiras Reais XVII', 'Centro', 61, 131),
(1199, '70000-298', 'Rua das Cerejeiras Reais XVII', 'Centro', 61, 131),
(1200, '70000-299', 'Rua das Mangueiras Reais XVII', 'Centro', 61, 131),
(1201, '70000-300', 'Rua das Aroeiras Reais XVII', 'Brasília', 61, 131),
(1202, '70000-301', 'Rua dos Jacarandás Reais XVII', 'Centro', 61, 131),
(1203, '70000-302', 'Rua das Palmeiras Reais XVIII', 'Centro', 61, 131),
(1204, '70000-303', 'Rua dos Ipês Reais XVII', 'Centro', 61, 131),
(1205, '70000-304', 'Rua das Acácias Reais XVIII', 'Centro', 61, 131),
(1206, '70000-305', 'Rua das Orquídeas Reais XVIII', 'Centro', 61, 131),
(1207, '70000-306', 'Rua das Margaridas Reais XVIII', 'Centro', 61, 131),
(1208, '70000-307', 'Rua das Violetas Reais XVIII', 'Centro', 61, 131),
(1209, '70000-308', 'Rua das Laranjeiras Reais XVIII', 'Centro', 61, 131),
(1210, '70000-309', 'Rua das Cerejeiras Reais XVIII', 'Centro', 61, 131),
(1211, '70000-310', 'Rua das Mangueiras Reais XVIII', 'Brasília', 61, 131),
(1212, '70000-311', 'Rua das Aroeiras Reais XVIII', 'Centro', 61, 131),
(1213, '70000-312', 'Rua dos Jacarandás Reais XVIII', 'Centro', 61, 131),
(1214, '70000-313', 'Rua das Palmeiras Reais XIX', 'Centro', 61, 131),
(1215, '70000-314', 'Rua dos Ipês Reais XVIII', 'Centro', 61, 131),
(1216, '70000-315', 'Rua das Acácias Reais XIX', 'Centro', 61, 131),
(1217, '70000-316', 'Rua das Orquídeas Reais XIX', 'Centro', 61, 131),
(1218, '70000-317', 'Rua das Margaridas Reais XIX', 'Centro', 61, 131),
(1219, '70000-318', 'Rua das Violetas Reais XIX', 'Centro', 61, 131),
(1220, '70000-319', 'Rua das Laranjeiras Reais XIX', 'Centro', 61, 131),
(1221, '70000-320', 'Rua das Cerejeiras Reais XIX', 'Brasília', 61, 131),
(1222, '70000-321', 'Rua das Mangueiras Reais XIX', 'Centro', 61, 131),
(1223, '70000-322', 'Rua das Aroeiras Reais XIX', 'Centro', 61, 131),
(1224, '70000-323', 'Rua dos Jacarandás Reais XIX', 'Centro', 61, 131),
(1225, '70000-324', 'Rua das Palmeiras Reais XX', 'Centro', 61, 131),
(1226, '70000-325', 'Rua dos Ipês Reais XIX', 'Centro', 61, 131),
(1227, '70000-326', 'Rua das Acácias Reais XX', 'Centro', 61, 131),
(1228, '70000-327', 'Rua das Orquídeas Reais XX', 'Centro', 61, 131),
(1229, '70000-328', 'Rua das Margaridas Reais XX', 'Centro', 61, 131),
(1230, '70000-329', 'Rua das Violetas Reais XX', 'Centro', 61, 131),
(1231, '70000-330', 'Rua das Laranjeiras Reais XX', 'Brasília', 61, 131),
(1232, '70000-331', 'Rua das Cerejeiras Reais XX', 'Centro', 61, 131),
(1233, '70000-332', 'Rua das Mangueiras Reais XX', 'Centro', 61, 131),
(1234, '70000-333', 'Rua das Aroeiras Reais XX', 'Centro', 61, 131),
(1235, '70000-334', 'Rua dos Jacarandás Reais XX', 'Centro', 61, 131),
(1236, '70000-335', 'Rua das Palmeiras Reais XXI', 'Centro', 61, 131),
(1237, '70000-336', 'Rua dos Ipês Reais XX', 'Centro', 61, 131),
(1238, '70000-337', 'Rua das Acácias Reais XXI', 'Centro', 61, 131),
(1239, '70000-338', 'Rua das Orquídeas Reais XXI', 'Centro', 61, 131),
(1240, '70000-339', 'Rua das Margaridas Reais XXI', 'Centro', 61, 131),
(1241, '70000-340', 'Rua das Violetas Reais XXI', 'Brasília', 61, 131),
(1242, '70000-341', 'Rua das Laranjeiras Reais XXI', 'Centro', 61, 131),
(1243, '70000-342', 'Rua das Cerejeiras Reais XXI', 'Centro', 61, 131),
(1244, '70000-343', 'Rua das Mangueiras Reais XXI', 'Centro', 61, 131),
(1245, '70000-344', 'Rua das Aroeiras Reais XXI', 'Centro', 61, 131),
(1246, '70000-345', 'Rua dos Jacarandás Reais XXI', 'Centro', 61, 131),
(1247, '70000-346', 'Rua das Palmeiras Reais XXII', 'Centro', 61, 131),
(1248, '70000-347', 'Rua dos Ipês Reais XXI', 'Centro', 61, 131),
(1249, '70000-348', 'Rua das Acácias Reais XXII', 'Centro', 61, 131),
(1250, '70000-349', 'Rua das Orquídeas Reais XXII', 'Centro', 61, 131),
(1251, '70000-350', 'Rua das Margaridas Reais XXII', 'Centro', 61, 131),
(1252, '70000-351', 'Rua das Violetas Reais XXII', 'Centro', 61, 131),
(1253, '70000-352', 'Rua das Laranjeiras Reais XXII', 'Centro', 61, 131),
(1254, '70000-353', 'Rua das Cerejeiras Reais XXII', 'Centro', 61, 131),
(1255, '70000-354', 'Rua das Mangueiras Reais XXII', 'Centro', 61, 131),
(1256, '70000-355', 'Rua das Aroeiras Reais XXII', 'Centro', 61, 131),
(1257, '70000-356', 'Rua dos Jacarandás Reais XXII', 'Centro', 61, 131),
(1258, '70000-357', 'Rua das Palmeiras Reais XXIII', 'Centro', 61, 131),
(1259, '70000-358', 'Rua dos Ipês Reais XXII', 'Centro', 61, 131),
(1260, '70000-359', 'Rua das Acácias Reais XXIII', 'Centro', 61, 131),
(1261, '70000-360', 'Rua das Orquídeas Reais XXIII', 'Centro', 61, 131),
(1262, '70000-361', 'Rua das Margaridas Reais XXIII', 'Brasília', 61, 131),
(1263, '70000-362', 'Rua das Violetas Reais XXIII', 'Centro', 61, 131),
(1264, '70000-363', 'Rua das Laranjeiras Reais XXIII', 'Centro', 61, 131),
(1265, '70000-364', 'Rua das Cerejeiras Reais XXIII', 'Centro', 61, 131),
(1266, '70000-365', 'Rua das Mangueiras Reais XXIII', 'Centro', 61, 131),
(1267, '70000-366', 'Rua das Aroeiras Reais XXIII', 'Centro', 61, 131),
(1268, '70000-367', 'Rua dos Jacarandás Reais XXIII', 'Centro', 61, 131),
(1269, '70000-368', 'Rua das Palmeiras Reais XXIV', 'Centro', 61, 131),
(1270, '70000-369', 'Rua dos Ipês Reais XXIII', 'Centro', 61, 131),
(1271, '70000-370', 'Rua das Acácias Reais XXIV', 'Centro', 61, 131),
(1272, '70000-371', 'Rua das Orquídeas Reais XXIV', 'Centro', 61, 131),
(1273, '70000-372', 'Rua das Margaridas Reais XXIV', 'Centro', 61, 131),
(1274, '70000-373', 'Rua das Violetas Reais XXIV', 'Centro', 61, 131),
(1275, '70000-374', 'Rua das Laranjeiras Reais XXIV', 'Centro', 61, 131),
(1276, '70000-375', 'Rua das Cerejeiras Reais XXIV', 'Centro', 61, 131),
(1277, '70000-376', 'Rua das Mangueiras Reais XXIV', 'Centro', 61, 131),
(1278, '70000-377', 'Rua das Aroeiras Reais XXIV', 'Centro', 61, 131),
(1279, '70000-378', 'Rua dos Jacarandás Reais XXIV', 'Centro', 61, 131),
(1280, '70000-379', 'Rua das Palmeiras Reais XXV', 'Centro', 61, 131),
(1281, '70000-380', 'Rua dos Ipês Reais XXIV', 'Centro', 61, 131),
(1282, '70000-381', 'Rua das Acácias Reais XXV', 'Centro', 61, 131),
(1283, '70000-382', 'Rua das Orquídeas Reais XXV', 'Centro', 61, 131),
(1284, '70000-383', 'Rua das Margaridas Reais XXV', 'Centro', 61, 131),
(1285, '70000-384', 'Rua das Violetas Reais XXV', 'Centro', 61, 131),
(1286, '70000-385', 'Rua das Laranjeiras Reais XXV', 'Centro', 61, 131),
(1287, '70000-386', 'Rua das Cerejeiras Reais XXV', 'Centro', 61, 131),
(1288, '70000-387', 'Rua das Mangueiras Reais XXV', 'Centro', 61, 131),
(1289, '70000-388', 'Rua das Aroeiras Reais XXV', 'Centro', 61, 131),
(1290, '70000-389', 'Rua dos Jacarandás Reais XXV', 'Centro', 61, 131),
(1291, '70000-390', 'Rua das Palmeiras Reais XXVI', 'Centro', 61, 131),
(1292, '70000-391', 'Rua dos Ipês Reais XXV', 'Centro', 61, 131),
(1293, '70000-392', 'Rua das Acácias Reais XXVI', 'Centro', 61, 131),
(1294, '70000-393', 'Rua das Orquídeas Reais XXVI', 'Centro', 61, 131),
(1295, '70000-394', 'Rua das Margaridas Reais XXVI', 'Centro', 61, 131),
(1296, '70000-395', 'Rua das Violetas Reais XXVI', 'Centro', 61, 131),
(1297, '70000-396', 'Rua das Laranjeiras Reais XXVI', 'Centro', 61, 131),
(1298, '70000-397', 'Rua das Cerejeiras Reais XXVI', 'Centro', 61, 131),
(1299, '70000-398', 'Rua das Mangueiras Reais XXVI', 'Centro', 61, 131),
(1300, '70000-399', 'Rua das Aroeiras Reais XXVI', 'Centro', 61, 131),
(1301, '70000-400', 'Rua dos Jacarandás Reais XXVI', 'Centro', 61, 131),
(1302, '70000-401', 'Rua das Palmeiras Reais XXVII', 'Centro', 61, 131),
(1303, '70000-402', 'Rua dos Ipês Reais XXVI', 'Centro', 61, 131),
(1304, '70000-403', 'Rua das Acácias Reais XXVII', 'Centro', 61, 131),
(1305, '70000-404', 'Rua das Orquídeas Reais XXVII', 'Centro', 61, 131),
(1306, '70000-405', 'Rua das Margaridas Reais XXVII', 'Centro', 61, 131),
(1307, '70000-406', 'Rua das Violetas Reais XXVII', 'Centro', 61, 131),
(1308, '70000-407', 'Rua das Laranjeiras Reais XXVII', 'Centro', 61, 131),
(1309, '70000-408', 'Rua das Cerejeiras Reais XXVII', 'Centro', 61, 131),
(1310, '70000-409', 'Rua das Mangueiras Reais XXVII', 'Centro', 61, 131);

-- --------------------------------------------------------

--
-- Estrutura para tabela `cidade`
--

CREATE TABLE `cidade` (
  `id_cidade` int(11) NOT NULL,
  `nome` varchar(50) NOT NULL,
  `id_estado` int(11) DEFAULT NULL
) ENGINE=InnoDB DEFAULT CHARSET=utf8mb4 COLLATE=utf8mb4_general_ci;

--
-- Despejando dados para a tabela `cidade`
--

INSERT INTO `cidade` (`id_cidade`, `nome`, `id_estado`) VALUES
(1, 'Porto Velho', 1),
(2, 'Ji-Paraná', 1),
(3, 'Ariquemes', 1),
(4, 'Cacoal', 1),
(5, 'Vilhena', 1),
(6, 'Rio Branco', 2),
(7, 'Cruzeiro do Sul', 2),
(8, 'Sena Madureira', 2),
(9, 'Tarauacá', 2),
(10, 'Feijó', 2),
(11, 'Manaus', 3),
(12, 'Parintins', 3),
(13, 'Itacoatiara', 3),
(14, 'Manacapuru', 3),
(15, 'Coari', 3),
(16, 'Boa Vista', 4),
(17, 'Rorainópolis', 4),
(18, 'Caracaraí', 4),
(19, 'Pacaraima', 4),
(20, 'Bonfim', 4),
(21, 'Belém', 5),
(22, 'Ananindeua', 5),
(23, 'Santarém', 5),
(24, 'Marabá', 5),
(25, 'Castanhal', 5),
(26, 'Macapá', 6),
(27, 'Santana', 6),
(28, 'Laranjal do Jari', 6),
(29, ' Oiapoque', 6),
(30, 'Mazagão', 6),
(31, 'Palmas', 7),
(32, 'Araguaína', 7),
(33, 'Gurupi', 7),
(34, 'Porto Nacional', 7),
(35, 'Paraíso do Tocantins', 7),
(36, 'São Luís', 8),
(37, 'Imperatriz', 8),
(38, 'São José de Ribamar', 8),
(39, 'Timon', 8),
(40, 'Caxias', 8),
(41, 'Teresina', 9),
(42, 'Parnaíba', 9),
(43, 'Picos', 9),
(44, 'Piripiri', 9),
(45, 'Floriano', 9),
(46, 'Fortaleza', 10),
(47, 'Caucaia', 10),
(48, 'Juazeiro do Norte', 10),
(49, 'Maracanaú', 10),
(50, 'Sobral', 10),
(51, 'Natal', 11),
(52, 'Mossoró', 11),
(53, 'Parnamirim', 11),
(54, ' São Gonçalo do Amarante', 11),
(55, 'Macaíba', 11),
(56, 'João Pessoa', 12),
(57, 'Campina Grande', 12),
(58, 'Santa Rita', 12),
(59, 'Patos', 12),
(60, 'Bayeux', 12),
(61, 'Recife', 13),
(62, 'Jaboatão dos Guararapes', 13),
(63, 'Olinda', 13),
(64, 'Caruaru', 13),
(65, 'Petrolina', 13),
(66, 'Maceió', 14),
(67, 'Arapiraca', 14),
(68, 'Palmeira dos Índios', 14),
(69, 'Rio Largo', 14),
(70, 'Penedo', 14),
(71, 'Aracaju', 15),
(72, 'Nossa Senhora do Socorro', 15),
(73, 'Lagarto', 15),
(74, 'Itabaiana', 15),
(75, 'São Cristóvão', 15),
(76, 'Salvador', 16),
(77, 'Feira de Santana', 16),
(78, 'Vitória da Conquista', 16),
(79, 'Camaçari', 16),
(80, 'Juazeiro', 16),
(81, 'Belo Horizonte', 17),
(82, 'Uberlândia', 17),
(83, 'Contagem', 17),
(84, 'Juiz de Fora', 17),
(85, 'Betim', 17),
(86, 'Vitória', 18),
(87, 'Vila Velha', 18),
(88, 'Serra', 18),
(89, 'Cariacica', 18),
(90, 'Cachoeiro de Itapemirim', 18),
(91, 'Rio de Janeiro', 19),
(92, 'São Gonçalo', 19),
(93, 'Duque de Caxias', 19),
(94, 'Nova Iguaçu', 19),
(95, 'Niterói', 19),
(96, 'São Paulo', 20),
(97, 'Guarulhos', 20),
(98, 'Campinas', 20),
(99, 'São Bernardo do Campo', 20),
(100, 'Santo André', 20),
(101, 'Curitiba', 21),
(102, 'Londrina', 21),
(103, 'Maringá', 21),
(104, 'Ponta Grossa', 21),
(105, ' Cascavel', 21),
(106, 'Florianópolis', 22),
(107, 'Joinville', 22),
(108, ' Blumenau', 22),
(109, 'São José', 22),
(110, 'Chapecó', 22),
(111, 'Porto Alegre', 23),
(112, 'Caxias do Sul', 23),
(113, 'Canoas', 23),
(114, 'Pelotas', 23),
(115, 'Santa Maria', 23),
(116, 'Campo Grande', 24),
(117, 'Dourados', 24),
(118, 'Três Lagoas', 24),
(119, 'Corumbá', 24),
(120, 'Ponta Porã', 24),
(121, 'Cuiabá', 25),
(122, 'Várzea Grande', 25),
(123, 'Rondonópolis', 25),
(124, 'Sinop', 25),
(125, 'Tangará da Serra', 25),
(126, 'Goiânia', 26),
(127, 'Aparecida de Goiânia', 26),
(128, 'Anápolis', 26),
(129, 'Rio Verde', 26),
(130, 'Águas Lindas de Goiás', 26),
(131, 'Brasília', 27);

-- --------------------------------------------------------

--
-- Estrutura para tabela `estado`
--

CREATE TABLE `estado` (
  `id_estado` int(11) NOT NULL,
  `nome` varchar(50) NOT NULL,
  `uf` varchar(2) NOT NULL,
  `regiao` varchar(50) NOT NULL,
  `cod_Ibge` int(7) NOT NULL
) ENGINE=InnoDB DEFAULT CHARSET=utf8mb4 COLLATE=utf8mb4_general_ci;

--
-- Despejando dados para a tabela `estado`
--

INSERT INTO `estado` (`id_estado`, `nome`, `uf`, `regiao`, `cod_Ibge`) VALUES
(1, 'Rondônia', 'RO', 'Norte', 11),
(2, 'Acre', 'AC', 'Norte', 12),
(3, 'Amazonas', 'AM', 'Norte', 13),
(4, 'Roraima', 'RR', 'Norte', 14),
(5, 'Pará', 'PA', 'Norte', 15),
(6, 'Amapá', 'AP', 'Norte', 16),
(7, 'Tocantins', 'TO', 'Norte', 17),
(8, 'Maranhão', 'MA', 'Nordeste', 21),
(9, 'Piauí', 'PI', 'Nordeste', 22),
(10, 'Ceará', 'CE', 'Nordeste', 23),
(11, 'Rio Grande do Norte', 'RN', 'Nordeste', 24),
(12, 'Paraíba', 'PB', 'Nordeste', 25),
(13, 'Pernambuco', 'PE', 'Nordeste', 26),
(14, 'Alagoas', 'AL', 'Nordeste', 27),
(15, 'Sergipe', 'SE', 'Nordeste', 28),
(16, 'Bahia', 'BA', 'Nordeste', 29),
(17, 'Minas Gerais', 'MG', 'Sudeste', 31),
(18, 'Espírito Santo', 'ES', 'Sudeste', 32),
(19, 'Rio de Janeiro', 'RJ', 'Sudeste', 33),
(20, 'São Paulo', 'SP', 'Sudeste', 35),
(21, 'Paraná', 'PR', 'Sul', 41),
(22, 'Santa Catarina', 'SC', 'Sul', 42),
(23, 'Rio Grande do Sul', 'RS', 'Sul', 43),
(24, 'Mato Grosso do Sul', 'MS', 'Centro-Oeste', 50),
(25, 'Mato Grosso', 'MT', 'Centro-Oeste', 51),
(26, 'Goiás', 'GO', 'Centro-Oeste', 52),
(27, 'Distrito Federal', 'DF', 'Centro-Oeste', 52);

--
-- Índices para tabelas despejadas
--

--
-- Índices de tabela `cep`
--
ALTER TABLE `cep`
  ADD PRIMARY KEY (`id_cep`),
  ADD KEY `id_cidade` (`id_cidade`);

--
-- Índices de tabela `cidade`
--
ALTER TABLE `cidade`
  ADD PRIMARY KEY (`id_cidade`),
  ADD KEY `id_estado` (`id_estado`);

--
-- Índices de tabela `estado`
--
ALTER TABLE `estado`
  ADD PRIMARY KEY (`id_estado`);

--
-- AUTO_INCREMENT para tabelas despejadas
--

--
-- AUTO_INCREMENT de tabela `cep`
--
ALTER TABLE `cep`
  MODIFY `id_cep` int(11) NOT NULL AUTO_INCREMENT, AUTO_INCREMENT=1311;

--
-- AUTO_INCREMENT de tabela `cidade`
--
ALTER TABLE `cidade`
  MODIFY `id_cidade` int(11) NOT NULL AUTO_INCREMENT, AUTO_INCREMENT=132;

--
-- AUTO_INCREMENT de tabela `estado`
--
ALTER TABLE `estado`
  MODIFY `id_estado` int(11) NOT NULL AUTO_INCREMENT, AUTO_INCREMENT=28;

--
-- Restrições para tabelas despejadas
--

--
-- Restrições para tabelas `cep`
--
ALTER TABLE `cep`
  ADD CONSTRAINT `cep_ibfk_1` FOREIGN KEY (`id_cidade`) REFERENCES `cidade` (`id_cidade`);

--
-- Restrições para tabelas `cidade`
--
ALTER TABLE `cidade`
  ADD CONSTRAINT `cidade_ibfk_1` FOREIGN KEY (`id_estado`) REFERENCES `estado` (`id_estado`);
COMMIT;

/*!40101 SET CHARACTER_SET_CLIENT=@OLD_CHARACTER_SET_CLIENT */;
/*!40101 SET CHARACTER_SET_RESULTS=@OLD_CHARACTER_SET_RESULTS */;
/*!40101 SET COLLATION_CONNECTION=@OLD_COLLATION_CONNECTION */;
